Date,Hazard_Score,Duration,Event,Surv_Prob_12m,Surv_Prob_24m,Surv_Prob_36m
1960-01-01,0.9561655686523036,150,0,0.9838151645427463,0.9789715716693757,0.9789715716693757
1960-02-01,0.965005546701749,150,0,0.9836667605604932,0.9787792363239796,0.9787792363239796
1960-03-01,0.992383601330771,150,0,0.9832072846520334,0.9781837994863024,0.9781837994863024
1960-04-01,0.996648325628485,150,0,0.9831357306616914,0.9780910799303694,0.9780910799303694
1960-05-01,1.0015542050266937,150,0,0.9830534257445749,0.9779844318634244,0.9779844318634244
1960-06-01,1.0391153932387307,150,0,0.9824234978004325,0.9771682809208079,0.9771682809208079
1960-07-01,1.0318623942084373,150,0,0.982545104318036,0.9773258251458252,0.9773258251458252
1960-08-01,1.017355198970772,150,0,0.9827883825917987,0.977641015814957,0.977641015814957
1960-09-01,1.0144275584185682,150,0,0.9828374849364955,0.9777046355415605,0.9777046355415605
1960-10-01,1.0361090237709962,150,0,0.9824739018984926,0.9772335799499177,0.9772335799499177
1960-11-01,1.0121497041681842,150,0,0.9828756907717385,0.9777541378099894,0.9777541378099894
1960-12-01,1.0217008023562262,150,0,0.9827155027181732,0.9775465903729417,0.9775465903729417
1961-01-01,1.0321159096636154,150,0,0.982540853528423,0.9773203180441837,0.9773203180441837
1961-02-01,1.022157972535777,150,0,0.9827078358566187,0.9775366570706238,0.9775366570706238
1961-03-01,1.014140063351428,150,0,0.9828423069318563,0.9777108832385688,0.9777108832385688
1961-04-01,1.0338082602898324,150,0,0.9825124777159203,0.9772835560039338,0.9772835560039338
1961-05-01,1.0315313336242415,150,0,0.9825506553638725,0.9773330168025631,0.9773330168025631
1961-06-01,1.034023433761608,150,0,0.9825088699394828,0.9772788820031575,0.9772788820031575
1961-07-01,1.042269019359186,150,0,0.9823706276102345,0.9770997881327953,0.9770997881327953
1961-08-01,1.0392836276651765,150,0,0.9824206772971894,0.9771646269596923,0.9771646269596923
1961-09-01,1.0545920719517945,150,0,0.9821640602879648,0.9768321929782814,0.9768321929782814
1961-10-01,1.0489937378862995,150,0,0.9822578979562628,0.9769537517478152,0.9769537517478152
1961-11-01,1.0487606636291462,150,0,0.982261804874436,0.9769588129063231,0.9769588129063231
1961-12-01,1.05000582807471,150,1,0.9822409329272309,0.9769317747262115,0.9769317747262115
1962-01-01,1.0327606232882531,0,0,0.9825300434538545,0.977306313107027,0.977306313107027
1962-02-01,1.0420622332416338,0,0,0.9823740942692649,0.9771042791197836,0.9771042791197836
1962-03-01,1.0342913985105882,0,0,0.9825043770393401,0.9772730613008678,0.9772730613008678
1962-04-01,1.0223020667391398,0,0,0.9827054193721461,0.9775335262414842,0.9775335262414842
1962-05-01,1.018246592284537,0,0,0.9827734326432997,0.9776216460217706,0.9776216460217706
1962-06-01,1.012315701065877,0,0,0.9828729065003543,0.9777505302851238,0.9777505302851238
1962-07-01,0.9948395812365942,78,0,0.9831660773283298,0.9781304028473188,0.9781304028473188
1962-08-01,1.0041608482896847,78,0,0.983009697436488,0.9779277712254942,0.9779277712254942
1962-09-01,1.0087611751923946,78,0,0.9829325284027116,0.9778277818696994,0.9778277818696994
1962-10-01,0.9983279521351006,78,0,0.9831075511418161,0.9780545655099624,0.9780545655099624
1962-11-01,1.0010194239611374,78,0,0.9830623973205328,0.9779960568121266,0.9779960568121266
1962-12-01,1.0021794319436887,78,0,0.9830429369378125,0.977970840998665,0.977970840998665
1963-01-01,1.012690478953395,78,0,0.9848100038584646,0.9804917568221624,0.9804917568221624
1963-02-01,1.0112349003800942,78,0,0.9848316705876071,0.9805195218546935,0.9805195218546935
1963-03-01,1.0135441004659156,78,0,0.9847972976647382,0.9804754744330547,0.9804754744330547
1963-04-01,1.0231751732435772,78,0,0.9846539500819139,0.9802917854324922,0.9802917854324922
1963-05-01,1.0319215197210034,78,0,0.9845237887242395,0.9801250002248205,0.9801250002248205
1963-06-01,1.0352329129540199,78,0,0.9844745137309084,0.9800618622464281,0.9800618622464281
1963-07-01,1.0224413686029437,78,0,0.9846648711964321,0.9803057797381094,0.9803057797381094
1963-08-01,1.0090878442007265,78,0,0.9848636310410851,0.9805604781966092,0.9805604781966092
1963-09-01,1.0190442567809426,78,0,0.984715431527389,0.9803705682781596,0.9803705682781596
1963-10-01,1.0192498513489958,78,0,0.984712371522105,0.980366647128041,0.980366647128041
1963-11-01,1.0033968994867066,78,0,0.9849483498061535,0.9806690445447046,0.9806690445447046
1963-12-01,1.0043980858936112,78,0,0.9849334450255819,0.9806499440058838,0.9806499440058838
1964-01-01,1.007135266715462,78,0,0.9848926974418508,0.980597726229964,0.980597726229964
1964-02-01,1.0201399191404048,78,0,0.9846991241410172,0.9803496717173423,0.9803496717173423
1964-03-01,1.0182930739624547,78,0,0.9847266119784894,0.9803848951547818,0.9803848951547818
1964-04-01,1.0259068689233481,78,0,0.9846132956919363,0.9802396913280621,0.9802396913280621
1964-05-01,1.0240201956862078,78,0,0.9846413738780544,0.9802756703521922,0.9802756703521922
1964-06-01,1.0226612531531956,78,0,0.9846615986719102,0.9803015863236653,0.9803015863236653
1964-07-01,1.0264782582173713,78,0,0.9846047922178864,0.980228795144632,0.980228795144632
1964-08-01,1.0268641515446886,78,0,0.9845990493553765,0.9802214363695025,0.9802214363695025
1964-09-01,1.0197599932377446,78,0,0.9847047787707682,0.9803569176443289,0.9803569176443289
1964-10-01,1.018393602715001,78,0,0.9847251157217844,0.9803829778157338,0.9803829778157338
1964-11-01,1.0181335729332788,78,0,0.9847289859754533,0.9803879372528603,0.9803879372528603
1964-12-01,1.000967056434656,78,0,0.984984524105315,0.9807154024059177,0.9807154024059177
1965-01-01,0.9941994040591717,78,0,0.9850852845634619,0.9808445308938164,0.9808445308938164
1965-02-01,0.9822186406115255,78,0,0.985263685906337,0.9810731685280991,0.9810731685280991
1965-03-01,0.9886677893293556,78,0,0.9851676498820783,0.9809500881041529,0.9809500881041529
1965-04-01,0.9859910813689611,78,0,0.9852075083305598,0.9810011705455538,0.9810011705455538
1965-05-01,0.9926664482726348,78,0,0.9851081094676551,0.9808737824325676,0.9808737824325676
1965-06-01,0.9981097751744236,78,0,0.9850270635923934,0.9807699179682438,0.9807699179682438
1965-07-01,0.9841847851411323,78,0,0.9852344065224627,0.9810356435049629,0.9810356435049629
1965-08-01,0.9872158062163964,78,0,0.9851892709402205,0.9809777974993438,0.9809777974993438
1965-09-01,0.9905569392422764,78,0,0.9851395198105906,0.9809140370648415,0.9809140370648415
1965-10-01,0.9939779253656454,78,0,0.9850885822318625,0.980848757049585,0.980848757049585
1965-11-01,0.9959198623800942,78,0,0.9850596684751333,0.9808117025101912,0.9808117025101912
1965-12-01,0.9911628342699285,78,0,0.9851304980019192,0.9809024749250693,0.9809024749250693
1966-01-01,0.9378379218270163,78,0,0.9869066736154873,0.983009130578102,0.983009130578102
1966-02-01,0.9484228196300943,78,0,0.9867598785449184,0.9828190201478405,0.9828190201478405
1966-03-01,0.9490281121434057,78,0,0.9867514847963474,0.982808149881735,0.982808149881735
1966-04-01,0.9349390667412086,78,0,0.9869468797624363,0.9830612019814366,0.9830612019814366
1966-05-01,0.932871634833229,78,0,0.9869755553496635,0.9830983404248372,0.9830983404248372
1966-06-01,0.9357926165194851,78,0,0.9869350411433928,0.9830458695953749,0.9830458695953749
1966-07-01,0.9392642938185871,78,0,0.9868868909160173,0.9829835100299592,0.9829835100299592
1966-08-01,0.9414666574460138,78,0,0.9868563465789703,0.9829439524019344,0.9829439524019344
1966-09-01,0.8785745407283778,78,0,0.98772896244958,0.9840742121499594,0.9840742121499594
1966-10-01,0.8696217194836868,78,0,0.9878532438221663,0.9842352125708054,0.9842352125708054
1966-11-01,0.8900069816910088,78,0,0.9875702821957548,0.9838686585063419,0.9838686585063419
1966-12-01,0.890440947012664,78,0,0.9875642593362465,0.9838608567181949,0.9838608567181949
1967-01-01,0.9033433078717495,78,0,0.9873852085660378,0.983628927536728,0.983628927536728
1967-02-01,0.9313208695453297,78,0,0.9869970652410921,0.9831261986157374,0.9831261986157374
1967-03-01,0.957274714977395,78,0,0.9866371341246372,0.9826600635996627,0.9826600635996627
1967-04-01,0.9980260075208782,78,0,0.986072255019686,0.981928610085148,0.981928610085148
1967-05-01,1.0426356872844222,78,0,0.985454263185234,0.9811285257845739,0.9811285257845739
1967-06-01,1.0534655808204882,78,0,0.985304291721809,0.9809343876547248,0.9809343876547248
1967-07-01,1.0136604446603654,78,0,0.9858556221772947,0.9816481288228064,0.9816481288228064
1967-08-01,1.025845657070113,78,0,0.9856868152537108,0.9814295820885112,0.9814295820885112
1967-09-01,1.0201873761596159,78,0,0.9857651982276896,0.9815310596033784,0.9815310596033784
1967-10-01,1.0169755647169307,78,0,0.9858096935484725,0.9815886659793779,0.9815886659793779
1967-11-01,1.0174485632044972,78,0,0.9858031406655147,0.9815801821654841,0.9815801821654841
1967-12-01,0.9796696822361406,78,0,0.9863266634631094,0.9822580242116418,0.9822580242116418
1968-01-01,0.9661266034226649,78,0,0.9865144050683923,0.9825011328842851,0.9825011328842851
1968-02-01,0.9810573672295719,78,0,0.9863074286288368,0.9822331175974456,0.9822331175974456
1968-03-01,0.9474970435110162,78,0,0.9867727166610465,0.9828356461151533,0.9828356461151533
1968-04-01,0.9273042634296632,78,0,0.9870527797596392,0.9831983572283929,0.9831983572283929
1968-05-01,0.9345866905852684,78,0,0.9869517672130874,0.9830675318135403,0.9830675318135403
1968-06-01,0.9203531053868838,78,0,0.9871492070070178,0.9833232477879134,0.9833232477879134
1968-07-01,0.9380651081432871,78,0,0.9869035226867562,0.9830050498041103,0.9830050498041103
1968-08-01,0.9452069393442785,78,0,0.9868044751899249,0.9828767751904867,0.9828767751904867
1968-09-01,0.9362182995944227,78,0,0.9869291370302561,0.9830382231040631,0.9830382231040631
1968-10-01,0.941837211998448,78,0,0.9868512074918646,0.982937296864041,0.982937296864041
1968-11-01,0.9473490349935358,78,0,0.9867747691711871,0.9828383042188401,0.9828383042188401
1968-12-01,0.9322560149084164,78,1,0.986984094250318,0.9831093994232518,0.9831093994232518
1969-01-01,0.955017990613579,0,0,0.9879271415120451,0.9844808204948273,0.9844808204948273
1969-02-01,0.9543789322146783,0,0,0.9879351712367863,0.9844911243376756,0.9844911243376756
1969-03-01,0.9719018762410849,0,0,0.9877150202907276,0.9842086326263059,0.9842086326263059
1969-04-01,0.9475264583496431,0,0,0.9880212762006518,0.9846016168147321,0.9846016168147321
1969-05-01,0.9537053583817057,0,0,0.987943634716225,0.9845019848060387,0.9845019848060387
1969-06-01,0.9565863620867834,0,0,0.9879074353091969,0.9844555333518944,0.9844555333518944
1969-07-01,0.9209318291113346,0,0,0.9883555228914807,0.9850305584613602,0.9850305584613602
1969-08-01,0.9179871310594493,0,0,0.9883925394060785,0.9850780646394084,0.9850780646394084
1969-09-01,0.938704922403748,0,0,0.9881321345217813,0.9847438776231798,0.9847438776231798
1969-10-01,0.9445103204825666,0,0,0.9880591779490991,0.9846502543554218,0.9846502543554218
1969-11-01,0.9330077256219456,0,0,0.9882037365635626,0.9848357645904623,0.9848357645904623
1969-12-01,0.9190531670564661,0,0,0.9883791385725181,0.9850608662462002,0.9850608662462002
1970-01-01,0.9292936510211784,0,0,0.9882504176334196,0.9848956714826276,0.9848956714826276
1970-02-01,0.9382520423476876,0,0,0.9881378261024854,0.9847511815639469,0.9847511815639469
1970-03-01,0.9378291835017033,0,0,0.9881431404205246,0.9847580013787549,0.9847580013787549
1970-04-01,0.9785041577873689,0,0,0.9876320847093076,0.9841022166392946,0.9841022166392946
1970-05-01,0.9855442810253057,0,0,0.9875436567836084,0.9839887561684013,0.9839887561684013
1970-06-01,0.9624375809922844,0,0,0.9878339196476584,0.9843611988004513,0.9843611988004513
1970-07-01,0.973177791816081,31,0,0.9876989921368863,0.9841880664422505,0.9841880664422505
1970-08-01,0.9759983895668115,31,0,0.987663560484624,0.9841426034134063,0.9841426034134063
1970-09-01,0.9766051468982624,31,0,0.9876559387150151,0.9841328238367668,0.9841328238367668
1970-10-01,0.9960134591389079,31,0,0.9874121726320928,0.9838200563403522,0.9838200563403522
1970-11-01,0.9996762945634826,31,0,0.9873661746059585,0.9837610404180929,0.9837610404180929
1970-12-01,0.9884604281204662,31,0,0.9875070306474361,0.9839417626092183,0.9839417626092183
1971-01-01,1.0089403318630044,31,0,0.9872498460374122,0.983611793244415,0.983611793244415
1971-02-01,1.033677761534392,31,0,0.9869392851501457,0.9832133747639028,0.9832133747639028
1971-03-01,1.0332619652269794,31,0,0.9869445043706058,0.9832200702024985,0.9832200702024985
1971-04-01,1.0345705195486214,31,0,0.9869280790330218,0.983198999113354,0.983198999113354
1971-05-01,1.0498393864373288,31,0,0.9867364401747619,0.9829531644704012,0.9829531644704012
1971-06-01,1.0305270279420793,31,0,0.986978834946383,0.9832641111831106,0.9832641111831106
1971-07-01,1.008567063204823,31,0,0.9872545329090573,0.9836178063070419,0.9836178063070419
1971-08-01,1.0183827214076846,31,0,0.987131292002526,0.9834596960485065,0.9834596960485065
1971-09-01,1.0074741324347654,31,0,0.9872682561989321,0.9836354127680403,0.9836354127680403
1971-10-01,1.0041580746494447,31,0,0.9873098951566914,0.9836888344042689,0.9836888344042689
1971-11-01,1.0043709075501015,31,0,0.9873072226112712,0.9836854055826193,0.9836854055826193
1971-12-01,1.0161949491575029,31,0,0.9871587593359715,0.9834949344016267,0.9834949344016267
1972-01-01,1.0257382974816747,31,0,0.9875614745491442,0.9840320330390733,0.9840320330390733
1972-02-01,1.0378487318894805,31,0,0.9874155463591127,0.983845037417459,0.983845037417459
1972-03-01,1.0022100328706665,31,0,0.9878450468480174,0.9843954314792431,0.9843954314792431
1972-04-01,1.0338065101679406,31,0,0.9874642518838485,0.9839074488790377,0.9839074488790377
1972-05-01,1.0310392405166997,31,0,0.9874975966455922,0.9839501775029417,0.9839501775029417
1972-06-01,1.0126280564442862,31,0,0.9877194745097263,0.9842345066072797,0.9842345066072797
1972-07-01,1.021328482619677,31,0,0.9876146172478087,0.9841001332360314,0.9841001332360314
1972-08-01,1.0292678494952574,31,0,0.9875189419623371,0.9839775300221386,0.9839775300221386
1972-09-01,0.9937349675144562,31,0,0.9879472117594945,0.9845263633200455,0.9845263633200455
1972-10-01,1.0124935644657378,31,0,0.9877210954901848,0.9842365839070626,0.9842365839070626
1972-11-01,1.0101273122316328,31,0,0.9877496154598988,0.9842731326422105,0.9842731326422105
1972-12-01,0.9949575905529401,31,0,0.9879324726753226,0.9845074738616191,0.9845074738616191
1973-01-01,1.007971475800338,31,1,0.9877756000465117,0.984306432511696,0.984306432511696
1973-02-01,1.0106347012064347,0,0,0.9877434999316791,0.9842652954828958,0.9842652954828958
1973-03-01,1.0009401124031247,0,0,0.9878603547663998,0.98441504945473,0.98441504945473
1973-04-01,0.9739282677463121,0,0,0.9881860180516319,0.9848324262368566,0.9848324262368566
1973-05-01,0.971961511766222,0,0,0.988209734072241,0.9848628227150893,0.9848628227150893
1973-06-01,0.9570864248563762,0,0,0.9883891229357582,0.9850927495672929,0.9850927495672929
1973-07-01,0.9046120915569219,0,0,0.9890222069693967,0.9859042833948984,0.9859042833948984
1973-08-01,0.858400022801325,0,0,0.9895800748183352,0.9866195227405493,0.9866195227405493
1973-09-01,0.8997130755315128,0,0,0.9890813325349577,0.9859800824960431,0.9859800824960431
1973-10-01,0.9242355720163504,0,0,0.9887854092539968,0.9856007212102431,0.9856007212102431
1973-11-01,0.8761973751191489,0,0,0.9893651895681634,0.9863440058653522,0.9863440058653522
1973-12-01,0.9150090431214252,0,0,0.9888967392688671,0.9857434378290081,0.9857434378290081
1974-01-01,0.8767551417024713,0,0,0.9893584558480201,0.9863353724477564,0.9863353724477564
1974-02-01,0.90039461872754,0,0,0.9890731068701258,0.9859695370985685,0.9859695370985685
1974-03-01,0.9037721552980525,0,0,0.9890323437960983,0.9859172787362875,0.9859172787362875
1974-04-01,0.8746294216610833,0,0,0.989384119165302,0.9863682759151665,0.9863682759151665
1974-05-01,0.8927429915473106,0,0,0.9891654596331331,0.9860879358494142,0.9860879358494142
1974-06-01,0.8985822692885116,0,0,0.9890949805855183,0.9859975795100945,0.9859975795100945
1974-07-01,0.9076062222602949,0,0,0.9889860729487908,0.985857960141546,0.985857960141546
1974-08-01,0.8403216569894038,0,0,0.9897984008090152,0.9868994687164969,0.9868994687164969
1974-09-01,0.8923820185690837,0,0,0.9891698166778351,0.9860935217771877,0.9860935217771877
1974-10-01,0.8782431875199593,0,0,0.9893404914175118,0.986312340026836,0.986312340026836
1974-11-01,0.8751477012236824,0,0,0.9893778620368737,0.9863602534994894,0.9863602534994894
1974-12-01,0.9096005341356977,0,0,0.988962005758577,0.9858271066460023,0.9858271066460023
1975-01-01,0.9093040377311427,152,0,0.989638904104033,0.9866077227298689,0.9831067932378279
1975-02-01,0.9186570596237313,152,0,0.9895328904804935,0.9864709069736615,0.9829345223186401
1975-03-01,0.9378768905921598,152,0,0.9893150752589505,0.9861898193451393,0.9825806119125458
1975-04-01,0.9360169494715561,152,0,0.9893361515739176,0.9862170172510814,0.9826148549539434
1975-05-01,0.929820186665355,152,0,0.9894063747382926,0.9863076378827651,0.9827289510508349
1975-06-01,0.9400721364445824,152,0,0.9892901999454282,0.9861577192455393,0.9825401971714628
1975-07-01,0.9463733244114414,152,0,0.989218801837887,0.9860655855920234,0.982424200773945
1975-08-01,0.947853551494116,152,0,0.9892020302857129,0.9860439435044666,0.982396953770141
1975-09-01,0.9381342061908149,152,0,0.9893121594683463,0.9861860566800102,0.9825758746153133
1975-10-01,0.9542003728967051,152,0,0.9891301215386149,0.9859511533537197,0.9822801344058246
1975-11-01,0.9603985674383861,152,0,0.9890599017616687,0.9858605445463804,0.982166064069279
1975-12-01,0.9473084471981826,152,0,0.9892082064976508,0.9860519133039999,0.982406987587845
1976-01-01,0.9675234564440246,152,0,0.988979189557366,0.9857563990686062,0.9820349553981115
1976-02-01,0.985384091291003,152,0,0.9887768895710107,0.9854953760794822,0.981706369782006
1976-03-01,0.9513873474126185,152,0,0.9891619921446275,0.9859922785412337,0.982331909136643
1976-04-01,0.9825709118833112,152,0,0.9888087505388982,0.9855364845052893,0.9817581171018624
1976-05-01,0.9866821786296652,152,0,0.9887621882884973,0.9854764079680128,0.981682492899733
1976-06-01,0.9650771904396307,152,0,0.9890069006179886,0.9857921552333264,0.982079968397907
1976-07-01,0.9802298409961595,152,0,0.9888352653732957,0.9855706954113416,0.9818011822521095
1976-08-01,0.9839052206362549,152,0,0.9887936385526983,0.9855169863056311,0.9817335726813173
1976-09-01,0.967813184878433,152,0,0.9889759075935914,0.9857521643012206,0.9820296243295942
1976-10-01,0.9805598308552693,152,0,0.98883152788406,0.9855658730796256,0.981795111812001
1976-11-01,0.9766014280373447,152,0,0.9888763619750061,0.9856237210541252,0.9818679324257371
1976-12-01,0.9612252858639253,152,0,0.9890505361879425,0.985848459725741,0.9821508503095037
1977-01-01,0.9761594041015942,152,0,0.9888813686005777,0.9856301809887874,0.9818760644382588
1977-02-01,0.9802868894996255,152,0,0.9888346192367705,0.9855698617270429,0.9818001327943776
1977-03-01,0.9631441844577004,152,0,0.9890287980687553,0.9858204101836144,0.9821155385147934
1977-04-01,0.9598830278708992,152,0,0.9890657421551993,0.9858680806856649,0.982175551451586
1977-05-01,0.9457756875390567,152,0,0.9892255733781329,0.9860743236491227,0.9824352018772992
1977-06-01,0.9417859190764729,152,0,0.9892707807419414,0.9861326600938113,0.9825086473817995
1977-07-01,0.9439032960662492,152,0,0.989246788858897,0.9861017004124532,0.9824696690424344
1977-08-01,0.9456144840432711,152,0,0.9892273999065047,0.9860766806209572,0.9824381692794253
1977-09-01,0.9353104391103672,152,0,0.9893441576627123,0.9862273487437067,0.9826278627018626
1977-10-01,0.9313530555772868,152,0,0.9893890034455548,0.9862852206374134,0.9827007263136334
1977-11-01,0.9267866894669787,152,0,0.9894407528547362,0.9863520023764591,0.9827848092676941
1977-12-01,0.931323913408679,152,0,0.9893893336973971,0.9862856468185798,0.9827012629012415
1978-01-01,0.9315559710292429,152,0,0.9898791140409161,0.9868083749691338,0.9832386156762327
1978-02-01,0.9299338496674364,152,0,0.9898966482417006,0.9868311936708472,0.9832675567712014
1978-03-01,0.9382590752987124,152,0,0.9898066606249427,0.986714086671949,0.9831190312051862
1978-04-01,0.9291833644190781,152,0,0.9899047606615285,0.986841751073658,0.9832809468497131
1978-05-01,0.9394354999233607,152,0,0.9897939452751087,0.986697539585603,0.9830980450987611
1978-06-01,0.9491262840935305,152,0,0.9896892089432368,0.98656124371148,0.9829251893343492
1978-07-01,0.9379978376399264,152,0,0.9898094842264091,0.9867177611669411,0.9831236914551539
1978-08-01,0.9325939515463125,152,0,0.9898678942303095,0.9867937737689457,0.9832200969830978
1978-09-01,0.9425302139487151,152,0,0.9897604969325611,0.9866540119849201,0.9830428409829328
1978-10-01,0.9308555592621272,152,0,0.9898866850519644,0.9868182277351286,0.9832511119754833
1978-11-01,0.9219500557730151,152,0,0.9899829529971927,0.9869435109668605,0.9834100121269053
1978-12-01,0.9114629336978783,152,0,0.9900963301461133,0.9870910649107482,0.9835971658916778
1979-01-01,0.9023617620272004,152,0,0.9901947341937443,0.9872191363940317,0.9837596147758876
1979-02-01,0.9019593398252808,152,0,0.9901990855047397,0.987224799653813,0.9837667983206981
1979-03-01,0.8934214655854767,152,0,0.9902914083422955,0.9873449602235153,0.9839192182840405
1979-04-01,0.8980568527860975,152,0,0.9902412833104672,0.9872797207688314,0.9838364634269658
1979-05-01,0.907908593749199,152,0,0.990134759356953,0.9871410795252442,0.983660604921554
1979-06-01,0.8971307552810799,152,0,0.9902512975174318,0.9872927545233521,0.9838529963473489
1979-07-01,0.8975456266122241,152,0,0.990246811360253,0.9872869156664696,0.9838455899279779
1979-08-01,0.897582257218712,152,0,0.9902464152609306,0.9872864001327019,0.9838449359890292
1979-09-01,0.8793829739316954,152,0,0.9904432298753292,0.987542567329521,0.9841698877894312
1979-10-01,0.8600823912347959,152,0,0.9906519971393454,0.9878143086808324,0.9845146207754519
1979-11-01,0.8691988440927626,152,0,0.9905533823576903,0.9876859448339385,0.9843517742724498
1979-12-01,0.8168633633814094,152,0,0.9911196409850757,0.9884230795124969,0.9852870056566098
1980-01-01,0.8607088166204723,152,0,0.9906452206367736,0.9878054877896902,0.9845034301245612
1980-02-01,0.88039738908939,152,0,0.9904322585387967,0.9875282870024529,0.9841517723821525
1980-03-01,0.9579027959928205,152,0,0.9895943634728949,0.9864378228511633,0.9827686677892239
1980-04-01,0.7846026860146873,152,0,0.9914688558228819,0.9888777386926494,0.9858639443332646
1980-05-01,0.8753241062763074,152,0,0.9904871294919442,0.9875997076957277,0.9842423743099425
1980-06-01,0.8936312092786198,152,0,0.9902891402117414,0.9873420081517228,0.9839154736116872
1980-07-01,0.8906190360549389,152,0,0.9903217138093453,0.9873844043215076,0.9839692530051005
1980-08-01,0.8919121687813538,152,0,0.9903077297595245,0.9873662033276457,0.983946165030706
1980-09-01,0.8964641661198514,152,0,0.9902585056351878,0.9873021361036658,0.983864896632924
1980-10-01,0.894152435508649,152,0,0.9902835037875806,0.9873346721064216,0.9839061679277834
1980-11-01,0.8710527550378404,152,0,0.9905333293748532,0.9876598429566735,0.9843186612984101
1980-12-01,0.9395489772750572,152,0,0.9897927187672365,0.9866959434763121,0.9830960208127507
1981-01-01,0.9481532332276608,152,0,0.9904501433230967,0.9876481882365294,0.9843792818238002
1981-02-01,0.8695290472378393,152,0,0.991238571119858,0.9886666165279444,0.9856652757066735
1981-03-01,0.920692501724646,152,0,0.9907254428205556,0.9880037710355752,0.9848282445998441
1981-04-01,0.916932122313133,152,0,0.9907631473559848,0.9880524733023666,0.984889739977041
1981-05-01,1.0006004080830857,152,0,0.9899245621357886,0.9869694172124385,0.9835223777310043
1981-06-01,0.8880362903055229,152,0,0.9910529276838328,0.9884267955755651,0.9853624162040685
1981-07-01,0.9001536198316029,152,0,0.9909313993661919,0.9882698080510541,0.9851641740673462
1981-08-01,0.8964121606830786,152,0,0.9909689219872752,0.9883182783154344,0.9852253808931603
1981-09-01,0.9075822300375224,152,0,0.9908569029838846,0.9881735781239772,0.9850426601156248
1981-10-01,0.9132581859570127,152,0,0.9907999865308733,0.98810005832709,0.9849498254159894
1981-11-01,0.9228836254226725,152,0,0.9907034735445718,0.9879753939712564,0.9847924138216921
1981-12-01,0.9317331629388917,152,0,0.9906147487177792,0.9878607926256708,0.9846477132957389
1982-01-01,0.9163063197104393,152,0,0.990769422286659,0.9880605785699913,0.9848999744146728
1982-02-01,0.9271476930544101,152,0,0.9906607213171325,0.9879201727154793,0.9847226885600049
1982-03-01,0.8966430470742013,152,0,0.990966606415696,0.9883152871343276,0.9852216036943566
1982-04-01,0.9042193042406541,152,0,0.990890626741728,0.988217140172843,0.9850976675258706
1982-05-01,0.9082423642675495,152,0,0.9908502832262508,0.988165027224232,0.9850318626542056
1982-06-01,0.9113824744508668,152,0,0.9908187951323386,0.9881243535288379,0.9849805031771804
1982-07-01,0.9060297508594614,152,0,0.9908724712584698,0.9881936881042195,0.9850680536510685
1982-08-01,0.9145531972644659,152,0,0.9907870010793823,0.988083285008248,0.9849286457187493
1982-09-01,0.9336092285112358,152,0,0.9905959404400881,0.9878364993193731,0.984617040110672
1982-10-01,0.9293847903753806,152,0,0.9906382925576851,0.9878912027107059,0.9846861099241676
1982-11-01,0.9325647391913554,152,0,0.9906064118024954,0.9878500244120193,0.9846341171219919
1982-12-01,0.9319724784421954,152,0,0.9906123494681004,0.9878576936789832,0.9846438004962172
1983-01-01,0.9426471938339412,152,0,0.9905053363714847,0.9877194744360263,0.9844692851130121
1983-02-01,0.9379616008716479,152,0,0.9905523076112609,0.9877801424413154,0.9845458836321687
1983-03-01,0.9667998032879199,152,0,0.9902632512220201,0.9874068109745731,0.9840745407886502
1983-04-01,0.9590081288219905,152,0,0.9903413418532115,0.9875076659435497,0.9842018687071957
1983-05-01,0.9664654608140802,152,0,0.990266601981821,0.9874111384720672,0.9840800041195114
1983-06-01,0.9745947814747464,152,0,0.9901851336414283,0.9873059235493833,0.9839471753653486
1983-07-01,0.9783353517894376,152,0,0.9901476496049442,0.987257514436778,0.98388606246885
1983-08-01,0.9866829374763649,152,0,0.9900640040533385,0.9871494915506951,0.9837496945085691
1983-09-01,0.9727308130742551,152,0,0.9902038128895593,0.9873300472426167,0.9839776300284017
1983-10-01,0.975352959508661,152,0,0.9901775358690055,0.9872961112907791,0.9839347880556286
1983-11-01,0.9773259707150574,152,0,0.9901577644138987,0.9872705772489424,0.9839025532168303
1983-12-01,0.9763033805483945,152,0,0.99016801169393,0.9872838111816044,0.9839192600500031
1984-01-01,0.9594442015658344,152,0,0.9909902054928765,0.9884201011282634,0.9854673426707788
1984-02-01,0.9494386514694344,152,0,0.9910837438694858,0.9885401673157763,0.9856178011518734
1984-03-01,0.9428794765421504,152,0,0.9911450680850837,0.9886188850580893,0.985716447224315
1984-04-01,0.9487544382122608,152,0,0.9910901406616281,0.9885483783793355,0.9856280908493082
1984-05-01,0.9692808261291448,152,0,0.9908982549476291,0.9883020762559489,0.9853194467974687
1984-06-01,0.9755891702496112,152,0,0.9908392904615447,0.9882263929212871,0.9852246110997349
1984-07-01,0.9792349512028647,152,0,0.9908052147193911,0.9881826558987598,0.9851698068724523
1984-08-01,0.9684506056174027,152,0,0.9909060153318362,0.9883120371233799,0.9853319284928242
1984-09-01,0.9733809661118137,152,0,0.9908599302842408,0.9882528848326809,0.9852578068204494
1984-10-01,0.9738784814620193,152,0,0.9908552800296312,0.9882469160595914,0.9852503276223645
1984-11-01,0.9750955706350323,152,0,0.9908439040414053,0.9882323145935354,0.9852320312382703
1984-12-01,0.9850697012787996,152,0,0.9907506819453932,0.98811266268912,0.9850821038957144
1985-01-01,0.9872222693389179,152,0,0.990730564359581,0.9880868419014086,0.9850497503037847
1985-02-01,1.0010958727456793,152,0,0.990600913494613,0.9879204394866815,0.9848412523538318
1985-03-01,1.0171936925502814,152,0,0.9904504982648171,0.9877273945557864,0.9845993833183857
1985-04-01,1.0173369469797173,152,0,0.9904491598228653,0.9877256768191225,0.9845972311935548
1985-05-01,1.0079089978206632,152,0,0.9905372500504614,0.987838731938776,0.9847388781978166
1985-06-01,1.0176161060541284,152,0,0.990446551614006,0.9877223294842471,0.9845930373739143
1985-07-01,1.0065811454754117,152,0,0.9905496574942725,0.9878546559010664,0.9847588296992318
1985-08-01,1.0130250638789542,152,0,0.9904894470148876,0.9877773810989672,0.9846620110810033
1985-09-01,1.012605914747475,152,0,0.9904933633358923,0.9877824073081287,0.9846683084255647
1985-10-01,1.0077635124276734,152,0,0.9905386094574608,0.9878404766261981,0.9847410641530937
1985-11-01,1.0065859846936391,152,0,0.9905496122763662,0.9878545978673945,0.9847587569873492
1985-12-01,1.006395513712304,152,0,0.9905513920486603,0.9878568820675239,0.9847616189213629
1986-01-01,1.0045356947029813,152,0,0.9905687704772871,0.9878791859988715,0.9847895641889403
1986-02-01,1.0057463821666717,152,0,0.9905574575968459,0.9878646667384839,0.9847713725517405
1986-03-01,1.0052316189226684,152,0,0.9905622676209807,0.987870840049293,0.9847791072782838
1986-04-01,1.0199671939376087,152,0,0.9904245854565877,0.9876941385581961,0.9845577175810292
1986-05-01,1.0310727213179485,152,0,0.990320833367245,0.9875609876315462,0.9843908992056261
1986-06-01,1.0249755196731911,152,0,0.9903777944141825,0.9876340884705147,0.9844824830066337
1986-07-01,1.0272896488534184,152,0,0.9903561750581975,0.9876063431737481,0.9844477223286249
1986-08-01,1.031439086716281,152,0,0.9903174108265987,0.9875565953596758,0.9843853964384245
1986-09-01,1.0366327275060025,152,0,0.9902688937432591,0.9874943320766402,0.9843073918449523
1986-10-01,1.033223303547423,152,0,0.9903007430607206,0.9875352050669932,0.984358598141369
1986-11-01,1.022535608849381,152,0,0.9904005893747785,0.9876633426729045,0.984519134387793
1986-12-01,1.027757306572869,152,0,0.99035180610328,0.9876007362771093,0.9844406977620827
1987-01-01,1.0422513901008696,152,0,0.9908461794410076,0.9883021419317014,0.9854171684752139
1987-02-01,1.0418926552685053,152,0,0.9908493156553465,0.9883061446097061,0.985422151008151
1987-03-01,1.0505597299858243,152,0,0.9907735471341912,0.9882094439850801,0.985301779488698
1987-04-01,1.0541353654502057,152,0,0.9907422902236273,0.9881695525223544,0.9852521240334757
1987-05-01,1.0593220389500753,152,0,0.9906969519544971,0.9881116904273632,0.9851801002678959
1987-06-01,1.06517619803184,152,0,0.9906457814860937,0.9880463859893328,0.9850988139143971
1987-07-01,1.080011114799631,152,0,0.9905161231786427,0.9878809185405707,0.984892857693197
1987-08-01,1.0779348430921598,152,1,0.990534268930813,0.9879040754375683,0.9849216804114742
1987-09-01,1.0837261606116504,0,0,0.9904836560511103,0.9878394855621497,0.9848412876851228
1987-10-01,1.073398019135572,0,0,0.9905739200442222,0.9879546770455546,0.9849846633499156
1987-11-01,1.0486216036742753,0,0,0.9907904899447695,0.988231067302309,0.9853286956228731
1987-12-01,1.0416191702583137,0,0,0.9908517065857086,0.9883091961013453,0.985425949507821
1988-01-01,1.027191447324289,152,0,0.990977848483336,0.9884701911396533,0.9856263604153945
1988-02-01,1.0338134621746438,152,0,0.9909199500687541,0.9883962946200852,0.9855343710545766
1988-03-01,1.0399391028982221,152,0,0.9908663946253862,0.9883279421672986,0.9854492846923302
1988-04-01,1.0368563624460612,152,0,0.9908933461432565,0.9883623400795054,0.9854921036492069
1988-05-01,1.0328113633645377,152,0,0.9909287115250791,0.9884074769062653,0.9855482911046236
1988-06-01,1.0164521625925576,152,0,0.9910717527102271,0.9885900449244942,0.9857755628619307
1988-07-01,1.0170342286095824,152,0,0.9910666629011805,0.9885835485127742,0.9857674755551286
1988-08-01,1.0085083024375197,152,0,0.9911412194905028,0.9886787102451015,0.9858859426000911
1988-09-01,0.9933966715262358,152,0,0.9912733798132949,0.9888474005248581,0.986095952453534
1988-10-01,0.9955223523014233,152,0,0.9912547883883547,0.9888236699313233,0.9860664086692832
1988-11-01,1.0061310394622374,152,0,0.9911620089204481,0.9887052455894436,0.9859189770123762
1988-12-01,0.9918293246468816,152,0,0.9912870882153026,0.9888648983766243,0.98611773679846
1989-01-01,0.9975835814895806,152,0,0.9912367609966777,0.988800659403798,0.9860377615110104
1989-02-01,0.9895345429271427,152,0,0.9913071592836381,0.9888905178654,0.9861496325311883
1989-03-01,0.9891781379612808,152,0,0.9913102765788606,0.9888944969147341,0.9861545863835881
1989-04-01,1.0052521147761533,152,0,0.9911696953253019,0.988715056450981,0.9859311908175085
1989-05-01,1.011527893631753,152,0,0.9911148134573204,0.9886450061694605,0.9858439839999282
1989-06-01,1.018254744482217,152,0,0.9910559903259957,0.988569926530546,0.9857505177519935
1989-07-01,1.0229272936050957,152,0,0.99101513314708,0.9885177786927057,0.9856856002205552
1989-08-01,1.0330027194857931,152,0,0.990927038472204,0.9884053415792082,0.9855456329815153
1989-09-01,1.0462781192355655,152,0,0.9908109767224833,0.9882572137572148,0.985361242234796
1989-10-01,1.040591569090001,152,0,0.9908606903941238,0.9883206619560978,0.9854402222406731
1989-11-01,1.0393426343206469,152,0,0.9908716093223262,0.988334597604605,0.9854575694361142
1989-12-01,1.0338740802941206,152,0,0.9909194200805823,0.9883956181946804,0.9855335290209081
1990-01-01,1.0320949936101425,152,0,0.9913673192666257,0.98896818886019,0.9862653899651224
1990-02-01,1.0306960683700657,152,0,0.9913789696174862,0.9889830589589265,0.9862838779115344
1990-03-01,1.0236202388805753,152,0,0.9914378997363331,0.9890582760415332,0.9863773961216004
1990-04-01,1.0213669774226606,152,0,0.991456666464521,0.9890822297349837,0.9864071783753766
1990-05-01,1.0199990237921297,152,0,0.9914680599068327,0.9890967722903936,0.9864252596018073
1990-06-01,1.0232694778037918,152,0,0.9914408210951314,0.9890620048309173,0.9863820322113056
1990-07-01,1.031207208415444,152,0,0.9913747127902429,0.9889776256884497,0.9862771227356995
1990-08-01,1.0187524344194951,152,0,0.991478442641862,0.9891100248227473,0.9864417369582364
1990-09-01,1.0082737539719968,152,0,0.9915657229631081,0.9892214310368032,0.9865802545173981
1990-10-01,1.0046975203585573,152,0,0.9915955123289886,0.9892594553609079,0.9866275331611744
1990-11-01,1.008982266072126,152,0,0.9915598212943089,0.989213897951358,0.9865708880908152
1990-12-01,1.0058701665229086,152,0,0.9915857443042781,0.9892469870328862,0.9866120302553009
1991-01-01,1.008051963654107,152,0,0.991567570409487,0.9892237891811005,0.9865831865713137
1991-02-01,1.0143498537541555,152,0,0.9915151122254,0.989156830222609,0.9864999322534472
1991-03-01,1.0194041765234165,152,0,0.9914730143247048,0.989103096108995,0.9864331222291355
1991-04-01,1.0065172128888291,152,0,0.9915803545142668,0.9892401072871565,0.9866034761177306
1991-05-01,1.0179876136344566,152,0,0.9914848128218261,0.9891181557453946,0.9864518464576332
1991-06-01,1.0122303853456127,152,0,0.9915327659968783,0.9891793638343698,0.9865279495662265
1991-07-01,1.0037614629793385,152,0,0.9916033096619552,0.9892694082376299,0.9866399084325097
1991-08-01,1.0198631365381792,152,0,0.9914691916947338,0.9890982169036077,0.9864270557394165
1991-09-01,1.0193458298510125,152,0,0.991473500289094,0.9891037163943808,0.9864338934525617
1991-10-01,1.0237491857881156,152,0,0.991436825787572,0.9890569052662327,0.986375691806188
1991-11-01,1.0166819233600641,152,0,0.9914956879896079,0.9891320368858673,0.9864691054788464
1991-12-01,1.0243013843476236,152,0,0.9914322267531825,0.989051035118666,0.9863683933277774
1992-01-01,1.0254290051951134,152,0,0.9914228353297967,0.9890390480518675,0.986353489587727
1992-02-01,1.0281889165633402,152,0,0.9913998497021393,0.9890097096879669,0.9863170128496874
1992-03-01,1.0229725438455637,152,0,0.991443294154569,0.9890651614184593,0.9863859568726543
1992-04-01,1.0318550560581803,152,0,0.9913693174742332,0.9889707392987435,0.9862685609123828
1992-05-01,1.0254906840845783,152,0,0.9914223216379182,0.9890383923844556,0.9863526743856911
1992-06-01,1.0224466160796573,152,0,0.9914476744387511,0.9890707523733809,0.9863929082492057
1992-07-01,1.0178708254197388,152,0,0.9914857855525819,0.9891193973440249,0.9864533901883779
1992-08-01,1.021418872578302,152,0,0.9914562342415839,0.9890816780478496,0.9864064924463269
1992-09-01,1.0282578924765602,152,0,0.9913992752504238,0.9890089764725088,0.9863161012375754
1992-10-01,1.0295053578259887,152,0,0.9913888860491191,0.9889957159825213,0.9862996144026976
1992-11-01,1.0370721561919434,152,0,0.9913258702057332,0.9889152851302949,0.9861996154822064
1992-12-01,1.0227903526161681,152,0,0.9914448115648671,0.9890670982263919,0.9863883649541538
1993-01-01,1.0269891781886864,152,0,0.9919091808243106,0.9896580621747381,0.987088250308355
1993-02-01,1.0271176432392704,152,0,0.9919081728576674,0.9896567752255716,0.9870866456639539
1993-03-01,1.0348642700702158,152,0,0.9918473929163023,0.9895791734378353,0.9869898881259417
1993-04-01,1.0453903955882475,152,0,0.9917648110299891,0.989473737790214,0.9868584290705279
1993-05-01,1.0398187430879595,152,0,0.9918085221330264,0.9895295452245569,0.9869280103436239
1993-06-01,1.0472660826535385,152,0,0.9917500961970691,0.9894549510232392,0.986835005760436
1993-07-01,1.050091575651824,152,0,0.9917279305143715,0.9894266517314688,0.9867997224600836
1993-08-01,1.0491114495187455,152,0,0.9917356194402752,0.9894364682896298,0.9868119616271886
1993-09-01,1.0490857917693572,152,0,0.9917358207218369,0.9894367252688725,0.9868122820262374
1993-10-01,1.0474012534437864,152,0,0.9917490357857607,0.9894535971746468,0.9868333177885397
1993-11-01,1.0412014990164875,152,0,0.9917976738634615,0.9895156948100245,0.9869107414152528
1993-12-01,1.0505211101748149,152,0,0.9917245609065267,0.9894223497131865,0.9867943587648021
1994-01-01,1.0505903521786406,152,0,0.9917240177186651,0.9894216562191869,0.9867934941268808
1994-02-01,1.0463139382024327,152,0,0.9917575657774678,0.9894644875992744,0.9868468959338139
1994-03-01,1.0479935828658586,152,0,0.9917443889903319,0.9894476645215927,0.9868259209921328
1994-04-01,1.0363764846747134,152,0,0.9918355285331025,0.9895640255469967,0.9869710012486153
1994-05-01,1.0337331901140692,152,0,0.9918562671238954,0.9895905036451192,0.9870040150399366
1994-06-01,1.0317725217580216,152,0,0.9918716502899423,0.989610144278298,0.987028503790643
1994-07-01,1.0300414538269937,152,0,0.9918852322372222,0.9896274852556318,0.9870501253367305
1994-08-01,1.0261835424555092,152,0,0.9919155020528628,0.9896661329856892,0.9870983134850962
1994-09-01,1.0276856557644027,152,0,0.9919037161116614,0.989651084956774,0.9870795507062393
1994-10-01,1.030002417709842,152,0,0.9918855385164778,0.9896278763035365,0.9870506129147417
1994-11-01,1.0294542840051712,152,0,0.9918898392099141,0.9896333672998074,0.9870574593675638
1994-12-01,1.0247654354206095,152,0,0.9919266289892087,0.9896803396576792,0.9871160272754999
1995-01-01,1.0236018444069241,152,0,0.9919357590019839,0.9896919967268984,0.9871305621050392
1995-02-01,1.0272404533587003,152,0,0.991907209261886,0.9896555449284666,0.9870851116571844
1995-03-01,1.0309065729913,152,0,0.9918784444948623,0.9896188188842541,0.9870393196854718
1995-04-01,1.0473767841935906,152,0,0.9917492277463034,0.9894538422545291,0.9868336233529124
1995-05-01,1.0508663524393644,152,0,0.9917218525619912,0.9894188919405741,0.9867900476672569
1995-06-01,1.0549957746366634,152,0,0.9916894587873505,0.9893775346646142,0.9867384843457349
1995-07-01,1.060571687660859,152,0,0.991645719511488,0.9893216931363591,0.9866688632395468
1995-08-01,1.0633902157759587,152,0,0.9916236107940017,0.9892934674036772,0.9866336728371324
1995-09-01,1.062579510657461,152,0,0.9916299699670746,0.989301586007603,0.9866437946722776
1995-10-01,1.0701653034621073,152,0,0.9915704685828737,0.9892256225850694,0.9865490884083825
1995-11-01,1.0750017195210773,152,0,0.9915325346029815,0.9891771942100772,0.9864887120036847
1995-12-01,1.0785210087590125,152,0,0.9915049322971161,0.9891419560814214,0.986444780547931
1996-01-01,1.0786393821136613,152,0,0.9919707204864748,0.9897827252356538,0.987311642741656
1996-02-01,1.097094246018647,152,0,0.9918339068297883,0.989608825261037,0.9870959593473115
1996-03-01,1.0814391265391283,152,0,0.9919499635909462,0.9897563413092746,0.987278918883962
1996-04-01,1.0714927010673263,152,0,0.9920237069035401,0.9898500765386476,0.9873951792033998
1996-05-01,1.0691761516427587,152,0,0.992040882707803,0.9898719090018789,0.9874222585121449
1996-06-01,1.0687565125238765,152,0,0.9920439941083151,0.9898758639682076,0.9874271639638436
1996-07-01,1.0672155274059667,152,0,0.9920554197757482,0.9898903874024269,0.9874451778130137
1996-08-01,1.058928347675403,152,0,0.9921168675056093,0.98996849584079,0.9875420591449525
1996-09-01,1.0656384247916426,152,0,0.9920671133733938,0.989905251456472,0.9874636142097367
1996-10-01,1.0620985516563937,152,0,0.9920933606469229,0.9899386152635327,0.9875049967308464
1996-11-01,1.0675544658151779,152,0,0.9920529066983053,0.9898871929667362,0.9874412156535136
1996-12-01,1.0679648604525638,152,0,0.9920498638132563,0.9898833250822926,0.9874364181984163
1997-01-01,1.0676546577374302,152,0,0.9920521638210162,0.9898862486772294,0.987440044422004
1997-02-01,1.0624705288210083,152,0,0.992090602496674,0.989935109273052,0.9875006480886969
1997-03-01,1.081449478269279,152,0,0.9919498868455394,0.9897562437590732,0.9872787978933077
1997-04-01,1.0766025868047506,152,0,0.9919858212618123,0.9898019198072421,0.9873354498104099
1997-05-01,1.0758699289995854,152,0,0.9919912532339744,0.9898088243980172,0.9873440136167989
1997-06-01,1.0957372397956244,152,0,0.99184396624406,0.9896216112746065,0.9871118171769385
1997-07-01,1.1092568334305106,152,0,0.991743750777309,0.9894942340405514,0.9869538400248936
1997-08-01,1.117070534549129,152,0,0.9916858354803306,0.9894206233545961,0.9868625480514531
1997-09-01,1.1160008973416713,152,0,0.9916937634512568,0.9894306997831048,0.9868750447405297
1997-10-01,1.1138048381180952,152,0,0.991710040471193,0.9894513878983233,0.9869007020378107
1997-11-01,1.1105326387274368,152,0,0.9917342942538524,0.9894822146627185,0.9869389334794627
1997-12-01,1.1127214705250523,152,0,0.9917180704058272,0.9894615939907897,0.9869133596308678
1998-01-01,1.1149961866754203,152,0,0.9917012102553148,0.989440164669988,0.9868867830298176
1998-02-01,1.111990132514085,152,0,0.9917234911293991,0.9894684837739941,0.9869219043560619
1998-03-01,1.1288102558964497,152,0,0.9915988268069095,0.9893100370279626,0.9867254019954439
1998-04-01,1.1472437435098555,152,0,0.9914622228432982,0.9891364214170393,0.9865100963192164
1998-05-01,1.1517148581537773,152,0,0.9914290918526578,0.9890943148619108,0.9864578801638508
1998-06-01,1.1415280177564129,152,0,0.9915045780232697,0.98919025166123,0.986576851758222
1998-07-01,1.1415174261819083,152,0,0.9915046565115779,0.9891903514145437,0.9865769754641524
1998-08-01,1.14517514346882,152,0,0.9914775515586134,0.9891559029871495,0.9865342555124121
1998-09-01,1.126697497194148,152,0,0.9916144849058729,0.9893299379701939,0.9867500823096781
1998-10-01,1.1219739697146818,152,0,0.9916494928555124,0.9893744322641786,0.986805262704821
1998-11-01,1.13145123855785,152,0,0.9915792542768238,0.9892851610902018,0.9866945520702559
1998-12-01,1.1477813659217353,152,0,0.9914582389989238,0.9891313582832509,0.9865038175204708
1999-01-01,1.13110826900236,152,0,0.9920197481769445,0.989884590749477,0.9874956834655391
1999-02-01,1.1363275083699476,152,0,0.9919830731363654,0.989838153475157,0.9874383490847422
1999-03-01,1.1313077746112588,152,0,0.9920183462473007,0.9898828156429829,0.9874934917956179
1999-04-01,1.1371355788876192,152,0,0.9919773950318959,0.9898309640030527,0.9874294725672516
1999-05-01,1.1370060084257727,152,0,0.9919783054881425,0.9898321167989536,0.9874308958714126
1999-06-01,1.1391226556325886,152,0,0.9919634324909999,0.9898132850343804,0.9874076452058183
1999-07-01,1.1365343196454638,152,0,0.9919816199234305,0.989836313452682,0.987436077290383
1999-08-01,1.14298977562601,152,0,0.9919362600621219,0.9897788802763958,0.9873651675926782
1999-09-01,1.1358267263908837,152,0,0.9919865920193253,0.9898426090012139,0.987443850129838
1999-10-01,1.1246599306933571,152,0,0.9920650618377159,0.9899419667263449,0.987566524339597
1999-11-01,1.1179622483135625,152,0,0.9921121298766394,0.9900015648360656,0.9876401098660974
1999-12-01,1.1247392714416504,152,0,0.99206450428309,0.9899412607486149,0.987565652678278
2000-01-01,1.1270334258304973,152,0,0.9920483826095888,0.9899208474721284,0.9875404487410416
2000-02-01,1.1170815258354156,152,0,0.9921183193299766,0.9900094020519371,0.9876497865207253
2000-03-01,1.1114239078884434,152,0,0.9921580802922285,0.9900597485313493,0.9877119500368623
2000-04-01,1.1140080299797632,152,0,0.9921399192392273,0.9900367524139054,0.9876835563094916
2000-05-01,1.1169989625867267,152,0,0.992118899561697,0.9900101367542076,0.9876506936626948
2000-06-01,1.1135187664159647,152,0,0.9921433577283053,0.9900411063321994,0.9876889321601207
2000-07-01,1.1124284622598652,152,0,0.9921510203056638,0.9900508089327238,0.987700912132093
2000-08-01,1.1116906858974211,152,1,0.9921562053772073,0.9900573744475786,0.987709018704895
2000-09-01,1.1147620259998252,0,0,0.9921346202636737,0.9900300426996217,0.9876752717319182
2000-10-01,1.1093610437206862,0,0,0.9921725782148371,0.9900781063549069,0.9877346168903273
2000-11-01,1.0946176573704294,0,0,0.9922762017113657,0.9902093204859425,0.9878966330934732
2000-12-01,1.0922959844874176,0,0,0.9922925205133929,0.9902299846432258,0.9879221485566286
2001-01-01,1.0997945801417572,0,0,0.9922398146153251,0.9901632445972666,0.9878397404649513
2001-02-01,1.09021872495598,0,0,0.9923071215863705,0.9902484737536484,0.9879449784463661
2001-03-01,1.0968103255777342,0,0,0.9922607899164713,0.9901898049367094,0.98787253601225
2001-04-01,1.0780020705076712,0,0,0.99239299689043,0.9903572177889935,0.988079254903318
2001-05-01,1.0744318963353103,0,0,0.9924180943454467,0.9903889992144208,0.9881184990710217
2001-06-01,1.088403008385855,0,0,0.9923198844478661,0.9902646352255366,0.9879649343094081
2001-07-01,1.0776145612620134,0,0,0.9923957209553534,0.9903606673181878,0.9880835144178047
2001-08-01,1.070676909686849,0,0,0.99244449167201,0.9904224269272435,0.988159776421363
2001-09-01,1.0595521841544835,0,0,0.992522701933988,0.9905214682912711,0.9882820770429024
2001-10-01,1.0483296487625797,0,0,0.9926016060744729,0.9906213904733521,0.9884054682823764
2001-11-01,1.041845546537663,0,0,0.9926471977862633,0.9906791276228654,0.9884767676978727
2001-12-01,1.0438124955682555,0,0,0.992633367342986,0.9906616127330856,0.9884551385139014
2002-01-01,0.9935617754854688,0,0,0.993296440129155,0.9915253555424819,0.98955716372234
2002-02-01,1.0036837494150606,0,0,0.9932283789336318,0.9914393901598211,0.9894513397559779
2002-03-01,1.0066493123812266,0,0,0.9932084390660672,0.9914142052040705,0.9894203373111637
2002-04-01,1.0035348924144631,0,0,0.9932293798296513,0.9914406543403571,0.9894528959552322
2002-05-01,0.9916796637102472,0,0,0.9933090961568652,0.9915413410388575,0.9895768422124894
2002-06-01,0.9904365568002506,0,0,0.9933174553638665,0.9915518993634231,0.9895898397779304
2002-07-01,0.9977705498534791,0,0,0.9932681393302539,0.9914896097418331,0.9895131601402631
2002-08-01,1.0038615167375728,0,0,0.993227183649513,0.9914378804580684,0.9894494813220697
2002-09-01,1.0174127206739372,0,0,0.9931360713689185,0.9913228026522412,0.9893078231699187
2002-10-01,1.0165327189204902,0,0,0.9931419878563548,0.9913302752853452,0.9893170216941441
2002-11-01,1.0269929244690534,0,0,0.9930716633738838,0.9912414549269778,0.9892076882931453
2002-12-01,1.0240594434409938,0,0,0.9930913848103735,0.9912663630834839,0.9892383487522681
2003-01-01,1.0264204657385358,0,0,0.9930755119136101,0.9912463156188756,0.9892136715016321
2003-02-01,1.035764149252077,0,0,0.9930126978316828,0.9911669822831914,0.9891160179711712
2003-03-01,1.0218729295988547,56,0,0.993106084731994,0.9912849291566087,0.9892612026009784
2003-04-01,1.025217757875056,56,0,0.993083597556395,0.9912565277730498,0.9892262420486378
2003-05-01,1.0281079163052378,56,0,0.9930641675219775,0.9912319877072006,0.9891960347558854
2003-06-01,1.025601576424477,56,0,0.9930810171888915,0.9912532687705374,0.9892222304094557
2003-07-01,1.0277816711801342,56,0,0.9930663607923985,0.9912347577937307,0.9891994445511465
2003-08-01,1.0294097685558032,56,0,0.9930554155190241,0.9912209339995444,0.9891824283871986
2003-09-01,1.0334606708966974,56,0,0.993028182884226,0.9911865395714028,0.9891400913922456
2003-10-01,1.0337783364107211,56,0,0.993026047374583,0.9911838424638577,0.9891367714670165
2003-11-01,1.0289928218551394,56,0,0.9930582185312891,0.9912244741781383,0.98918678610445
2003-12-01,1.0407983778712393,56,0,0.992978856246697,0.9911242413710949,0.9890634077926258
2004-01-01,1.0490398236081544,56,0,0.9929234572819641,0.9910542749657907,0.9889772866494028
2004-02-01,1.0427322445730451,56,0,0.992965856525048,0.9911078232132743,0.9890431986732227
2004-03-01,1.0429322433068828,56,0,0.9929645121153796,0.9911061252778565,0.9890411086880515
2004-04-01,1.0365359907561045,56,0,0.9930075092082243,0.9911604291814925,0.9891079516641392
2004-05-01,1.0346882570937566,56,0,0.9930199304489709,0.9911761169131503,0.9891272619392024
2004-06-01,1.030358057705371,56,0,0.9930490404743733,0.9912128823869208,0.989172517417342
2004-07-01,1.0285485308251279,56,0,0.9930612053802911,0.9912282465437504,0.9891914296320085
2004-08-01,1.0225467657821645,56,0,0.9931015545115096,0.9912792074581385,0.9892541594837768
2004-09-01,1.0203124891798978,56,0,0.993116575698178,0.9912981793429564,0.9892775129368641
2004-10-01,1.02188610782372,56,0,0.9931059961342024,0.9912848172569448,0.9892610648581435
2004-11-01,1.0216441104840523,56,0,0.9931076230943349,0.9912868721200071,0.9892635942913752
2004-12-01,1.0280511242789652,56,0,0.9930645493212694,0.9912324699171504,0.989196628324621
2005-01-01,1.0141040169076847,56,0,0.9932230298444938,0.991412482218489,0.9894003226702974
2005-02-01,1.020124469951799,56,0,0.9931829343077881,0.9913617213496737,0.9893377320079997
2005-03-01,1.018782895559917,56,0,0.993191868901424,0.9913730324796343,0.9893516791254136
2005-04-01,1.0214836920239279,56,0,0.9931738822664075,0.9913502615595734,0.9893236016243667
2005-05-01,1.019195768493303,56,0,0.9931891192489326,0.9913695514368551,0.9893473868435905
2005-06-01,1.023907717782897,56,0,0.9931577391330608,0.9913298245904613,0.989298402112252
2005-07-01,1.0240387987166844,56,0,0.9931568661890098,0.9913287194586867,0.9892970394488301
2005-08-01,1.0207653069487124,56,0,0.9931786665011471,0.9913563183474287,0.989331069883409
2005-09-01,1.0191549821718386,56,0,0.9931893908774688,0.9913698953167603,0.9893478108627738
2005-10-01,1.0134072023058485,56,0,0.9932276706554873,0.9914183575113746,0.9894075672458114
2005-11-01,1.0097584161343676,56,0,0.9932519720602625,0.9914491233471188,0.9894455034636063
2005-12-01,1.0113383619631946,56,0,0.9932414493363696,0.9914358014424643,0.9894290766800811
2006-01-01,1.013309692177956,56,0,0.9932283200782713,0.9914191796848686,0.9894085810340287
2006-02-01,1.0115001845575122,56,0,0.9932403715750283,0.9914344369847935,0.9894273942170804
2006-03-01,1.0146883959746626,56,0,0.9932191378750346,0.9914075549688872,0.9893942470947134
2006-04-01,1.0128860233849126,56,0,0.9932311417405314,0.9914227519294275,0.9894129858237247
2006-05-01,1.0084046722076854,56,0,0.9932609883274127,0.9914605380881624,0.9894595786304841
2006-06-01,1.0060284039950005,56,0,0.9932768150554532,0.9914805750508366,0.9894842856865643
2006-07-01,1.003294340964935,56,0,0.9932950251266857,0.9915036294809161,0.9895127136485244
2006-08-01,1.0020364274614586,56,0,0.9933034035001307,0.9915142367605893,0.9895257933276929
2006-09-01,1.00528635659715,56,0,0.9932817573869126,0.9914868321614991,0.9894920011906276
2006-10-01,1.0127395659659317,56,0,0.9932321171585197,0.9914239868161953,0.9894145085133187
2006-11-01,1.0153736987229443,56,0,0.9932145737724452,0.9914017768025333,0.9893871223000289
2006-12-01,1.0168162521444069,56,0,0.9932049664640664,0.991389613947147,0.9893721248670392
2007-01-01,1.0198292941123515,56,0,0.9931849001077767,0.9913642100356871,0.9893408006633659
2007-02-01,1.0192534323359226,56,0,0.9931887352196936,0.9913690652584571,0.98934678736411
2007-03-01,1.0184969064218017,56,0,0.9931937735372698,0.9913754437381648,0.9893546523173746
2007-04-01,1.0180100218915624,56,0,0.9931970161084321,0.9913795488183195,0.9893597140727235
2007-05-01,1.023468868959231,56,0,0.9931606616877826,0.9913335244950974,0.9893029642176104
2007-06-01,1.0262635668167501,56,0,0.9931420502834295,0.991309962823248,0.989273911961861
2007-07-01,1.0230516295834686,56,0,0.9931634403403434,0.9913370422247512,0.9893073016988818
2007-08-01,1.0203825637760464,56,0,0.9931812154682768,0.9913595453146006,0.989335048865985
2007-09-01,1.0190062516172471,56,0,0.9931903813930889,0.9913711493031064,0.9893493570838796
2007-10-01,1.011621547009213,56,1,0.9932395632847206,0.9914334136806656,0.9894261324184315
2007-11-01,1.0098460644750398,0,0,0.9932513883036006,0.9914483843026365,0.9894445921718511
2007-12-01,1.010847069156812,0,0,0.9932447214230378,0.991439943942483,0.9894341846491455
2008-01-01,0.9971714212650674,0,0,0.993647404806476,0.9919393693180303,0.9900199126660008
2008-02-01,1.0014934467356793,0,0,0.9936199588671586,0.9919045740422271,0.9899768736290739
2008-03-01,1.0065578919979477,0,0,0.9935877993416743,0.9918638033298407,0.9899264439038039
2008-04-01,0.9990813094451851,0,0,0.9936352764468702,0.9919239932548984,0.9900008936329867
2008-05-01,1.007204633897684,0,0,0.9935836925674959,0.9918585969320033,0.9899200040909857
2008-06-01,0.9929520131568944,0,0,0.9936741998312872,0.9919733396309969,0.9900619316369379
2008-07-01,0.9919211382165856,0,0,0.9936807464326873,0.9919816393473525,0.9900721978749609
2008-08-01,0.9888083452999332,0,0,0.9937005145767162,0.9920067012939673,0.990103198084328
2008-09-01,0.9781942192895963,0,0,0.9937679237430717,0.9920921632843136,0.9902089111382798
2008-10-01,0.9932923929894943,0,0,0.9936720382486961,0.9919705992012583,0.9900585418986254
2008-11-01,1.008070125226575,0,0,0.9935781967734756,0.9918516296015553,0.9899113861867396
2008-12-01,1.020300297260861,0,0,0.9935005395036036,0.9917531801788584,0.9897896154578193
2009-01-01,1.0248612389458895,0,0,0.9934715806897374,0.9917164683910841,0.9897442078959248
2009-02-01,1.020247051801282,0,0,0.9935008775802979,0.9917536087685553,0.9897901455682167
2009-03-01,1.0168999421987077,0,0,0.9935221299472541,0.9917805510937227,0.9898234698734171
2009-04-01,1.0152490004902555,153,0,0.9935326127170317,0.9917938405033359,0.9898399072999885
2009-05-01,0.9884205511546685,153,0,0.9937029773349125,0.9920098235749836,0.9901070601823434
2009-06-01,0.975344909922852,153,0,0.9937860201772266,0.9921151063842928,0.9902372912037322
2009-07-01,0.9687287146592009,153,0,0.9938280419965592,0.9921683831053588,0.9903031938381736
2009-08-01,0.9650263414806495,153,0,0.9938515578664192,0.9921981976067572,0.9903400743713263
2009-09-01,0.957736435691009,153,0,0.9938978618150482,0.9922569044392262,0.9904126954883838
2009-10-01,0.9582283216595529,153,0,0.9938947373909411,0.9922529430898444,0.9904077952152063
2009-11-01,0.9541997766366482,153,0,0.9939203267068396,0.9922853869983894,0.9904479291558371
2009-12-01,0.9497811976245878,153,0,0.9939483942760394,0.9923209732675776,0.9904919506377111
2010-01-01,0.9520374959520951,153,0,0.9939340617843401,0.992302801374761,0.990469471312162
2010-02-01,0.9634679335495158,153,0,0.9938614563645987,0.992210747434975,0.9903555985860124
2010-03-01,0.9790189612245106,153,0,0.9937626857323902,0.9920855224278422,0.9902006965871084
2010-04-01,0.9722113874077335,153,0,0.9938059220764849,0.9921403386271307,0.9902685030654613
2010-05-01,0.9750323729729837,153,0,0.9937880051710445,0.9921176230146661,0.9902404042248192
2010-06-01,0.9860164337399702,153,0,0.9937182452618849,0.9920291802757059,0.9901310034718039
2010-07-01,0.9914518976317812,153,0,0.9936837263730031,0.9919854172910322,0.9900768709654497
2010-08-01,0.9855611544221242,153,0,0.9937211366493223,0.992032845990079,0.9901355377932938
2010-09-01,0.9835508987030375,153,0,0.9937339034799202,0.9920490318714165,0.9901555590382277
2010-10-01,0.9877885489148183,153,0,0.9937069909947045,0.9920149120911107,0.9901133544163976
2010-11-01,0.9928166564985245,153,0,0.9936750594152376,0.9919744294021657,0.9900632796155917
2010-12-01,0.9918439720272949,153,0,0.9936812364805601,0.9919822606257813,0.9900729663589452
2011-01-01,0.9986056679647576,153,0,0.9937736743137559,0.9920946607012314,0.9902117555294874
2011-02-01,1.0083412589134904,153,0,0.9937131639252668,0.9920178984999349,0.990116801245428
2011-03-01,1.0008435711873296,153,0,0.9937597645707046,0.9920770149828563,0.9901899277486796
2011-04-01,1.0021602790725066,153,0,0.9937515806311226,0.9920666329752292,0.9901770852326764
2011-05-01,1.0037737133656583,153,0,0.9937415524935763,0.9920539114807507,0.9901613488214784
2011-06-01,1.0007668069462186,153,0,0.9937602416975267,0.9920776202586042,0.9901906764741729
2011-07-01,0.9968925843224921,153,0,0.9937843221592347,0.9921081684641315,0.9902284647157941
2011-08-01,0.9929880018506853,153,0,0.9938085919147751,0.9921389570084793,0.990266550539211
2011-09-01,0.9875142323415298,153,0,0.9938426162810411,0.992182120567582,0.9903199448905703
2011-10-01,0.9862263236424501,153,0,0.9938506219531525,0.9921922766797305,0.9903325083241582
2011-11-01,0.9877716282428062,153,0,0.9938410163095277,0.9921800908230911,0.9903174340358006
2011-12-01,0.9934869655689567,153,0,0.9938054904675588,0.9921350225098259,0.9902616834982535
2012-01-01,0.9934532195963914,153,0,0.9938057002246946,0.9921352886078072,0.9902620126657827
2012-02-01,0.9929095878982527,153,0,0.9938090793192991,0.9921395753305874,0.9902673154144702
2012-03-01,0.9989883961957154,153,0,0.9937712954431313,0.9920916428922848,0.990208022488585
2012-04-01,1.0004709393629636,153,0,0.9937620806595518,0.99207995313828,0.9901935622450156
2012-05-01,0.9999387510394381,153,0,0.9937653884793567,0.9920841493918723,0.9901987530124301
2012-06-01,1.0030149853125767,153,0,0.9937462682783912,0.9920598938266046,0.9901687489408519
2012-07-01,1.0031076559181462,153,0,0.9937456922939617,0.9920591631444081,0.9901678450915867
2012-08-01,1.0100637328586615,153,0,0.9937024584803202,0.9920043179302457,0.9901000023626987
2012-09-01,1.0115096371779968,153,0,0.993693472047892,0.9919929180729693,0.9900859010184428
2012-10-01,1.0117022277686492,153,0,0.9936922750852452,0.991991399652337,0.9900840227722357
2012-11-01,1.0052491281730214,153,0,0.9937323822907556,0.992042278375508,0.9901469587834157
2012-12-01,1.004621388860151,153,0,0.9937362838928874,0.992047227853347,0.9901530812344362
2013-01-01,1.003673107158522,153,0,0.9937421777983156,0.9920547047288054,0.9901623300630792
2013-02-01,1.0059736870843303,153,0,0.9937278789426619,0.9920365655438768,0.9901398920810283
2013-03-01,1.0074986344726433,153,0,0.9937184010099547,0.992024542104978,0.9901250192669746
2013-04-01,1.0122188229804125,153,0,0.9936890644205988,0.9919873267294866,0.9900789846776707
2013-05-01,1.0190855195697162,153,0,0.9936463885489732,0.9919331901361929,0.9900120196574533
2013-06-01,1.019724396614206,153,0,0.9936424180815971,0.9919281534209857,0.9900057894662422
2013-07-01,1.01805187382006,153,0,0.9936528124426297,0.9919413391437584,0.9900220996310063
2013-08-01,1.0186805195160886,153,0,0.9936489055352439,0.9919363830485202,0.9900159691509729
2013-09-01,1.0184246738520182,153,0,0.9936504955630697,0.9919384000727469,0.9900184641236822
2013-10-01,1.020673343639288,153,0,0.9936365206330531,0.9919206722541559,0.9899965356117912
2013-11-01,1.0254921204926024,153,0,0.9936065737812231,0.9918826835716161,0.9899495456410546
2013-12-01,1.0275211672985298,153,0,0.993593964302787,0.9918666880773728,0.9899297601981172
2014-01-01,1.0275605182684509,153,0,0.9938723952729189,0.9922100701586475,0.990327026345445
2014-02-01,1.0268843246482018,153,0,0.9938764152160675,0.9922151763728846,0.9903333608501009
2014-03-01,1.0258867508174463,153,0,0.9938823457809838,0.9922227095083483,0.9903427060818677
2014-04-01,1.0212613415454714,153,0,0.9939098442481935,0.9922576388329986,0.9903860378834117
2014-05-01,1.0229191806526938,153,0,0.9938999881605997,0.9922451193237155,0.9903705066819016
2014-06-01,1.0251547847264026,153,0,0.9938866973334606,0.9922282369548784,0.9903495631670388
2014-07-01,1.027388157600654,153,0,0.9938734199484272,0.9922113717219602,0.9903286409966605
2014-08-01,1.025475109025489,153,0,0.9938847929970026,0.9922258180201345,0.990346562351421
2014-09-01,1.027856580852207,153,0,0.9938706351982025,0.9922078344774138,0.9903242528777056
2014-10-01,1.0245402788753855,153,0,0.9938903505972652,0.9922328774234453,0.990355319917037
2014-11-01,1.027957271105936,153,0,0.9938700366012532,0.9922070741281391,0.9903233096290087
2014-12-01,1.0287953678394144,153,0,0.9938650541851718,0.9922007453729391,0.9903154585201636
2015-01-01,1.0302550147495884,153,0,0.9938563767640934,0.9921897231760586,0.9903017850123578
2015-02-01,1.0301371315362353,153,0,0.9938570775624634,0.9921906133402094,0.990302889297783
2015-03-01,1.0351515850301765,153,0,0.9938272678103167,0.9921527487160785,0.9902559168789656
2015-04-01,1.0378436361746126,153,0,0.9938112645653248,0.9921324213732085,0.9902307002636412
2015-05-01,1.0343273415746723,153,0,0.9938321676832996,0.992158972559022,0.9902636377485577
2015-06-01,1.0331804208201134,153,0,0.9938389858134429,0.9921676329956215,0.9902743813074866
2015-07-01,1.033394767160215,153,0,0.9938377115795318,0.9921660144535652,0.9902723734506366
2015-08-01,1.036102168035771,153,0,0.9938216169176926,0.9921455709346417,0.9902470126337879
2015-09-01,1.0326713857095824,153,0,0.9938420119029144,0.9921714767608197,0.9902791496330382
2015-10-01,1.0368449945095701,153,0,0.9938172010893456,0.9921399619434388,0.9902400545290957
2015-11-01,1.0357264737629406,153,0,0.9938238502885108,0.9921484077678927,0.9902505318054978
2015-12-01,1.0350146138778613,153,0,0.9938280820598745,0.9921537829793227,0.990257199913681
2016-01-01,1.0332685665282724,153,0,0.9938384618096611,0.9921669674017785,0.9902735556154337
2016-02-01,1.0295621557682764,153,0,0.9938604957159434,0.9921949551302838,0.9903082754712934
2016-03-01,1.028739127801203,153,0,0.993865388526787,0.9922011700594474,0.9903159853627236
2016-04-01,1.0306069034623249,153,0,0.9938542848403766,0.9921870659855367,0.9902984886591085
2016-05-01,1.027393206003323,153,0,0.993873389935912,0.9922113335994582,0.9903285937038758
2016-06-01,1.0290368272246548,153,0,0.9938636187336402,0.9921989220379932,0.9903131965924409
2016-07-01,1.0294971982644674,153,0,0.9938608818802915,0.9921954456423154,0.9903088839724943
2016-08-01,1.0324397797917768,153,0,0.9938433887466084,0.9921732256407244,0.9902813191813887
2016-09-01,1.0337497599739338,153,0,0.9938356012420707,0.9921633338873675,0.9902690481182189
2016-10-01,1.025713041779664,153,0,0.9938833784828272,0.9922240212704506,0.9903443333902042
2016-11-01,1.024963551820703,153,0,0.9938878342198988,0.992229681056439,0.9903513546517314
2016-12-01,1.0322450184368985,153,0,0.9938445465593609,0.9921746963059632,0.9902831435951702
2017-01-01,1.030227209553482,153,0,0.9941141698287229,0.9925401843601157,0.9907705070163493
2017-02-01,1.0292442803096788,153,0,0.9941197688960747,0.9925472751059911,0.990779272058009
2017-03-01,1.028736444396128,153,0,0.9941226616980193,0.9925509385995134,0.9907838005963837
2017-04-01,1.0322815463610486,153,0,0.9941024677961193,0.9925253647588514,0.9907521881986894
2017-05-01,1.0329915714030593,153,0,0.9940984233422809,0.9925202428225326,0.990745856881728
2017-06-01,1.0343169617796288,153,0,0.9940908736804814,0.9925106818711699,0.9907340384398247
2017-07-01,1.035538020490267,153,0,0.9940839183613461,0.992501873617303,0.9907231504431124
2017-08-01,1.0355639270899135,153,0,0.9940837707943021,0.9925016867377775,0.9907229194391595
2017-09-01,1.032816033931085,153,0,0.9940994232395707,0.9925215091018235,0.9907474221514505
2017-10-01,1.0378912195770242,153,0,0.9940705143514568,0.9924848987531576,0.9907021676585955
2017-11-01,1.0387754753902767,153,0,0.9940654776064588,0.992478520225395,0.9906942831243131
2017-12-01,1.0366889434268498,153,0,0.9940773625898224,0.9924935713678423,0.9907128879460848
2018-01-01,1.045461880205943,153,0,0.9940273924900875,0.9924302895609711,0.9906346653178488
2018-02-01,1.044329269076589,153,0,0.9940338436310964,0.9924384591956703,0.990644763734766
2018-03-01,1.0373649117789034,153,0,0.9940735122270068,0.9924886952632401,0.9907068605519376
2018-04-01,1.034859201449152,153,0,0.9940877850023931,0.992506770350449,0.9907292033555468
2018-05-01,1.0334374654870844,153,0,0.9940958834430371,0.9925170262718837,0.9907418808500038
2018-06-01,1.036445513742052,153,0,0.9940787491859148,0.9924953273562236,0.9907150585399057
2018-07-01,1.033736666540237,153,0,0.9940941791394062,0.9925148679280744,0.990739212887066
2018-08-01,1.0355889990210232,153,0,0.9940836279816493,0.9925015058792401,0.9907226958778298
2018-09-01,1.0393849900575671,153,0,0.9940620058093077,0.9924741235507403,0.9906888483769097
2018-10-01,1.0366918684135418,153,0,0.9940773459288623,0.9924935502683694,0.9907128618648327
2018-11-01,1.0307746066084131,153,0,0.9941110517003731,0.992536235518581,0.9907656257647444
2018-12-01,1.029307405533151,153,0,0.9941194093144349,0.9925468197258943,0.9907787091512613
2019-01-01,1.0213131916120712,153,0,0.9941649479709469,0.9926044909804898,0.9908499985237795
2019-02-01,1.0262792169499266,153,0,0.9941366590001595,0.9925686650611335,0.9908057127868545
2019-03-01,1.0356752342237743,153,0,0.9940831367760021,0.9925008838144193,0.9907219269363846
2019-04-01,1.0356858379793081,153,0,0.9940830763758061,0.9925008073233721,0.9907218323849336
2019-05-01,1.0373059104446323,153,0,0.9940738483021223,0.9924891208690124,0.990707386646552
2019-06-01,1.0350908194348467,153,0,0.994086465674702,0.9925050995468294,0.9907271380537179
2019-07-01,1.0384792355417063,153,0,0.9940671649937957,0.9924806571297075,0.9906969245624877
2019-08-01,1.0346627320373658,153,0,0.9940889041203775,0.9925081876078958,0.990730955246342
2019-09-01,1.0355512384290615,153,0,0.9940838430704066,0.9925017782685395,0.9907230325813966
2019-10-01,1.039570959888164,153,0,0.9940609465270768,0.9924727820793682,0.9906871901798391
2019-11-01,1.0425236304227514,153,0,0.9940441282974952,0.9924514835827091,0.990660863111294
2019-12-01,1.0460358030452683,153,0,0.994024123548995,0.9924261498251487,0.9906295482326899
2020-01-01,1.0447109122349094,153,0,0.9942725165937877,0.9927605881845646,0.9910720647248527
2020-02-01,1.0438299591988693,153,0,0.9942773324513946,0.9927666706905761,0.9910795595320109
2020-03-01,1.0354981318018597,153,0,0.9943228807484623,0.9928241993121326,0.9911504462948214
2020-04-01,1.0168908634062508,153,0,0.9944246101910449,0.9929526886258836,0.9913087742917357
2020-05-01,0.743344574951734,153,0,0.9959213410498475,0.9948435360812279,0.9936392823393141
2020-06-01,0.7685510264149624,153,0,0.9957833277151112,0.9946691497831217,0.9934243041962296
2020-07-01,0.8173329494961921,153,0,0.9955162854997107,0.9943317476465265,0.9930083901391411
2020-08-01,0.8399553861326515,153,0,0.9953924699657701,0.9941753174991803,0.9928155706360741
2020-09-01,0.8843287042271604,153,0,0.9951496537570302,0.9938685553283733,0.9924374689595247
2020-10-01,0.9005412860599294,153,0,0.9950609513070238,0.993756497918615,0.9922993586996678
2020-11-01,0.931789544449913,153,0,0.9948900078084308,0.993540553223353,0.9920332181126925
2020-12-01,0.9397265497213928,153,0,0.9948465931232695,0.9934857111061336,0.9919656302181277
2021-01-01,0.9365140428388276,153,0,0.9948641650107373,0.9935079081160307,0.9919929858977755
2021-02-01,0.9457594213748021,153,0,0.9948135951402679,0.993444027956017,0.9919142601318984
2021-03-01,0.9612679248081996,153,0,0.9947287733409581,0.9933368824882807,0.9917822169608248
2021-04-01,0.9850023394487607,153,0,0.9945989749635312,0.9931729280510306,0.9915801704149284
2021-05-01,1.0779285206477178,153,0,0.9940909447380978,0.9925312656906315,0.9907895035368919
2021-06-01,1.072435897100323,153,0,0.9941209658590324,0.9925691811443994,0.9908362202521636
2021-07-01,1.058622799986754,153,0,0.9941964683332896,0.9926645390369805,0.9909537152876552
2021-08-01,1.0595280281286867,153,0,0.9941915201750882,0.9926582895679562,0.9909460149359935
2021-09-01,1.0541215748171557,153,0,0.9942210732966611,0.9926956149556702,0.9909920059896695
2021-10-01,1.0531199623849874,153,0,0.9942265484748836,0.9927025301000909,0.991000526636288
2021-11-01,1.047436469124347,153,0,0.9942576170892673,0.9927417699189176,0.9910488771016266
2021-12-01,1.045521617497111,153,1,0.9942680847764404,0.9927549907345058,0.9910651676086195
2022-01-01,1.044492784516201,0,0,0.9942737090184418,0.9927620942354527,0.9910739204657035
2022-02-01,1.0374289314918317,0,0,0.9943123252987129,0.992810867456848,0.9911340186981534
2022-03-01,1.0300536506545752,0,0,0.9943526456757419,0.9928617935259347,0.9911967704019421
2022-04-01,1.0298049909852156,0,0,0.9943540051170942,0.9928635105582084,0.9911988861625303
2022-05-01,1.0269485176527,0,0,0.9943696218076813,0.9928832351475368,0.9912231912469093
2022-06-01,1.0236465023522632,0,0,0.9943876746365687,0.9929060367924329,0.991251288089616
2022-07-01,1.0239277668643119,0,0,0.9943861368901284,0.9929040945358685,0.9912488947793203
2022-08-01,1.0247528174092169,0,0,0.9943816261373476,0.9928983972167847,0.9912418743679181
2022-09-01,1.0211460711448757,0,0,0.9944013452506237,0.9929233035491539,0.9912725647844902
2022-10-01,1.0184230599754658,0,0,0.9944162329904649,0.9929421076759403,0.9912957359785428
2022-11-01,1.014787628721089,38,0,0.9944361096260824,0.9929672131997573,0.9913266721652798
2022-12-01,1.015869575626029,38,0,0.9944301940650818,0.992959741435589,0.9913174650929988
2023-01-01,1.0029551144279873,38,0,0.9947074041067983,0.9933254167968988,0.9917916890155645
2023-02-01,1.004079538707263,38,0,0.9947014862653325,0.9933179589029978,0.9917825244999444
2023-03-01,1.010473518531567,38,0,0.9946678354388311,0.9932755510440846,0.991730412571339
2023-04-01,1.011485149127393,38,0,0.9946625114403728,0.9932688416036324,0.9917221678757535
2023-05-01,1.017712152647621,38,0,0.9946297406617711,0.9932275432287001,0.9916714198836831
2023-06-01,1.0284940652404917,38,0,0.994573001369625,0.9931560401080439,0.9915835570498068
2023-07-01,1.0364430890881187,38,0,0.994531172089932,0.9931033273389879,0.9915187846818313
2023-08-01,1.0276426921938462,38,0,0.9945774815612926,0.9931616860276229,0.9915904946868584
2023-09-01,1.027160645200506,38,0,0.9945800182525231,0.9931648827586967,0.9915944227950102
2023-10-01,1.028428854111034,38,0,0.9945733445303022,0.9931564725575179,0.9915840884381193
2023-11-01,1.0234929736523837,38,0,0.9945993189690908,0.9931892055367777,0.9916243104540178
2023-12-01,1.0242637618763952,38,0,0.9945952627500805,0.993184093876152,0.991618029267298
2024-01-01,1.020634380677202,38,0,0.9946143622587246,0.9932081631878665,0.9916476055997443
2024-02-01,1.0258790265677318,38,0,0.9945867625864996,0.9931733819595813,0.991604866534213
2024-03-01,1.0223543410188431,38,0,0.9946053109737948,0.9931967566909367,0.9916335892936085
2024-04-01,1.0219298509383399,38,0,0.9946075448436159,0.9931995718278565,0.9916370485310717
2024-05-01,1.0215234369630957,38,0,0.9946096835930274,0.9932022670949847,0.9916403604747737
2024-06-01,1.0198289110548922,38,0,0.9946186010679494,0.9932135049762882,0.991654169603395
2024-07-01,1.0167705103392708,38,0,0.994634696162444,0.9932337882245099,0.9916790937863004
2024-08-01,1.0132614375896842,38,0,0.9946531632777879,0.9932570608303105,0.9917076914552685
2024-09-01,1.0169631749209134,38,0,0.9946336822409717,0.9932325104648946,0.9916775236637876
2024-10-01,1.019732752492389,38,0,0.9946191071066164,0.993214142691514,0.9916549532300846
2024-11-01,1.0225471413829517,38,0,0.9946042963677266,0.9931954780784802,0.9916320181366335
2024-12-01,1.0166960181708808,38,0,0.9946350881870798,0.993234282260147,0.9916797008618615
2025-01-01,1.0153298075680717,38,0,0.9946422780738399,0.9932433430780365,0.9916908348910636
2025-02-01,1.013806037644631,38,0,0.994650297201299,0.9932534489394371,0.991703253108471
2025-03-01,1.0136328158449905,38,0,0.994651208817879,0.9932545977778475,0.9917046648182927
2025-04-01,1.0130621339014079,38,0,0.9946542121589513,0.9932583826534613,0.991709315732722
2025-05-01,1.013843354179051,38,0,0.9946501008152056,0.9932532014495828,0.9917029489892857
2025-06-01,1.0134993722111656,38,0,0.9946519110939668,0.9932554828011497,0.9917057523484205
2025-07-01,1.0185299106357493,38,0,0.9946254371365763,0.9932221198687189,0.9916647556230151
2025-08-01,1.0155555955929083,38,0,0.9946410898271488,0.993241845628112,0.9916889948070846
2025-09-01,1.0147553980924267,38,0,0.9946453010047689,0.9932471526322612,0.9916955161187306
2025-10-01,1.0112164265837853,38,0,0.9946639256676628,0.9932706238484953,0.99172435793289
2025-11-01,1.0080458768085905,38,0,0.9946806117214406,0.9932916520840043,0.9917501979059581
2025-12-01,1.0082438418743664,38,0,0.9946795698574281,0.9932903390948906,0.9917485844714399
