Date,Crash_Prob,Target
1960-01-01,0.3289608085202702,0
1960-02-01,0.3289608085202702,0
1960-03-01,0.3372193130540732,0
1960-04-01,0.33769401092096635,0
1960-05-01,0.3291025556989805,0
1960-06-01,0.26795310058096594,0
1960-07-01,0.26648130361300887,0
1960-08-01,0.2747699369088721,0
1960-09-01,0.32557977228501767,0
1960-10-01,0.2814691810996995,0
1960-11-01,0.27666157054153934,0
1960-12-01,0.27494585419753775,0
1961-01-01,0.30006917438119773,0
1961-02-01,0.34732408787689684,0
1961-03-01,0.34732408787689684,0
1961-04-01,0.309836749813614,0
1961-05-01,0.3421731549059479,0
1961-06-01,0.3421731549059479,0
1961-07-01,0.35901416792804186,1
1961-08-01,0.32345401493400683,1
1961-09-01,0.3086643717171843,1
1961-10-01,0.2992627312650643,1
1961-11-01,0.33702675335242455,1
1961-12-01,0.33702675335242455,1
1962-01-01,0.3330284414545683,1
1962-02-01,0.3330284414545683,1
1962-03-01,0.34297865599234745,1
1962-04-01,0.34515174804119353,1
1962-05-01,0.338248645427753,1
1962-06-01,0.35402961389583154,1
1962-07-01,0.5073106130664604,1
1962-08-01,0.5101614206939556,1
1962-09-01,0.5101614206939556,1
1962-10-01,0.5101614206939556,1
1962-11-01,0.5057842653502087,0
1962-12-01,0.49206424879278626,0
1963-01-01,0.19041400400988714,0
1963-02-01,0.26951872506846153,0
1963-03-01,0.48630807197638665,0
1963-04-01,0.29122553892654074,0
1963-05-01,0.4489310504216618,0
1963-06-01,0.2733404242855322,0
1963-07-01,0.3021767550642568,0
1963-08-01,0.20022116092306166,0
1963-09-01,0.2614128942784187,0
1963-10-01,0.48154545078401395,0
1963-11-01,0.2955115906312778,0
1963-12-01,0.2164733593631296,0
1964-01-01,0.22496101988466136,0
1964-02-01,0.22382065009740765,0
1964-03-01,0.22250807820708102,0
1964-04-01,0.23491975123799272,0
1964-05-01,0.23260587499640337,0
1964-06-01,0.2251106028619126,0
1964-07-01,0.23441451512229391,0
1964-08-01,0.22692977726798488,0
1964-09-01,0.22199599689547417,0
1964-10-01,0.22199599689547417,0
1964-11-01,0.21998626250866252,0
1964-12-01,0.22428141546720132,0
1965-01-01,0.19139109120887285,0
1965-02-01,0.1949520475203123,0
1965-03-01,0.18442136861864739,0
1965-04-01,0.184422172272883,0
1965-05-01,0.18499031916677713,0
1965-06-01,0.18581538475392154,0
1965-07-01,0.19846005283467413,0
1965-08-01,0.1976904743131437,0
1965-09-01,0.18506099304031165,0
1965-10-01,0.18353732648472212,0
1965-11-01,0.18982134789646612,0
1965-12-01,0.18878640376684636,0
1966-01-01,0.20775030695664673,0
1966-02-01,0.20854093388083061,0
1966-03-01,0.24340589072313207,0
1966-04-01,0.2353550551570811,0
1966-05-01,0.24357798807956174,0
1966-06-01,0.21414767234363413,0
1966-07-01,0.2338075627290272,0
1966-08-01,0.22582245097063472,0
1966-09-01,0.336219970686939,0
1966-10-01,0.3501566005995961,0
1966-11-01,0.33032512460969,0
1966-12-01,0.3722189918300862,0
1967-01-01,0.23728852357980007,0
1967-02-01,0.19732499343282658,0
1967-03-01,0.19502504076104843,0
1967-04-01,0.21996630950003415,0
1967-05-01,0.457666474075502,0
1967-06-01,0.4560181996846599,0
1967-07-01,0.30590082995401635,0
1967-08-01,0.33044754830943057,0
1967-09-01,0.31780986543199985,0
1967-10-01,0.35212326945442984,0
1967-11-01,0.2003523305033487,0
1967-12-01,0.20050813034035914,0
1968-01-01,0.18362793739993682,0
1968-02-01,0.18397261017864527,0
1968-03-01,0.18991367784408483,0
1968-04-01,0.1841736615410064,0
1968-05-01,0.2136062821803284,0
1968-06-01,0.21409084654172217,0
1968-07-01,0.18410179380972458,0
1968-08-01,0.18417336506115545,0
1968-09-01,0.2125409493182265,0
1968-10-01,0.2129456665570121,0
1968-11-01,0.21352554630933657,0
1968-12-01,0.2130123944363488,0
1969-01-01,0.21094868474983958,0
1969-02-01,0.2105776329387074,0
1969-03-01,0.2104341390533336,0
1969-04-01,0.21051861302494146,0
1969-05-01,0.21043136455018274,0
1969-06-01,0.22225576088027182,1
1969-07-01,0.2223235673669099,1
1969-08-01,0.22232032969567145,1
1969-09-01,0.22435159285375544,1
1969-10-01,0.22394303511784902,1
1969-11-01,0.35058765867249386,1
1969-12-01,0.3550792485430618,1
1970-01-01,0.5604905026782322,1
1970-02-01,0.42759931076106544,1
1970-03-01,0.41413970189352584,1
1970-04-01,0.46944971518496653,1
1970-05-01,0.49033632915072917,1
1970-06-01,0.5671422061059047,1
1970-07-01,0.552786899065732,1
1970-08-01,0.5736008514795916,1
1970-09-01,0.5940331514427555,1
1970-10-01,0.4935811715205004,1
1970-11-01,0.49381636750648905,1
1970-12-01,0.48039956347744645,0
1971-01-01,0.5272787783313684,0
1971-02-01,0.44880482239989866,0
1971-03-01,0.45832558849428773,0
1971-04-01,0.6480454330809617,0
1971-05-01,0.6434865792774341,0
1971-06-01,0.6183375993404446,0
1971-07-01,0.3998178552513602,0
1971-08-01,0.4063203641374241,0
1971-09-01,0.3990661171541894,0
1971-10-01,0.3911493938700901,0
1971-11-01,0.39101174422651885,0
1971-12-01,0.5297542410318299,0
1972-01-01,0.46655203905563436,0
1972-02-01,0.5205473667206482,0
1972-03-01,0.5047420198625089,0
1972-04-01,0.47689731653030193,0
1972-05-01,0.5202458071638205,0
1972-06-01,0.5194699466671613,0
1972-07-01,0.5339025781947416,0
1972-08-01,0.5292377645789281,0
1972-09-01,0.521819474937274,0
1972-10-01,0.4069148365952998,0
1972-11-01,0.38734272753444254,0
1972-12-01,0.4497688356408437,0
1973-01-01,0.34083465604453955,0
1973-02-01,0.34040867477811537,0
1973-03-01,0.30305750941660003,1
1973-04-01,0.29903223306641646,1
1973-05-01,0.29589133287793806,1
1973-06-01,0.42586601023361126,1
1973-07-01,0.3774664847453133,1
1973-08-01,0.4528037786908933,1
1973-09-01,0.5248247887198108,1
1973-10-01,0.3667281462997173,1
1973-11-01,0.543229349682943,1
1973-12-01,0.5701292841578888,1
1974-01-01,0.740794718040736,1
1974-02-01,0.752424433892864,1
1974-03-01,0.7498092149677262,1
1974-04-01,0.7735926331030051,1
1974-05-01,0.7397649937786875,1
1974-06-01,0.7289190046788366,1
1974-07-01,0.7491786254206806,1
1974-08-01,0.7466519205374111,1
1974-09-01,0.7509383843305182,1
1974-10-01,0.7521666319787732,1
1974-11-01,0.7548970515076041,1
1974-12-01,0.7553073839974044,1
1975-01-01,0.7607999364819941,1
1975-02-01,0.7610188596238361,1
1975-03-01,0.7615436045438037,1
1975-04-01,0.7212712243873818,1
1975-05-01,0.690226342639163,1
1975-06-01,0.7057965999370971,1
1975-07-01,0.7172201515592649,1
1975-08-01,0.7157781599803508,1
1975-09-01,0.6965304350525534,1
1975-10-01,0.6827961868915161,1
1975-11-01,0.49289996423925037,1
1975-12-01,0.4515946675455587,1
1976-01-01,0.5212520830776891,0
1976-02-01,0.5477431745248369,0
1976-03-01,0.5504523236690636,0
1976-04-01,0.6526089573859919,0
1976-05-01,0.6442506496845717,0
1976-06-01,0.6787622893230538,0
1976-07-01,0.6407740330583247,0
1976-08-01,0.5609161404213986,0
1976-09-01,0.6014723177435858,0
1976-10-01,0.5874312542760194,0
1976-11-01,0.5747087492243814,1
1976-12-01,0.3578649466918534,1
1977-01-01,0.4393189578404687,1
1977-02-01,0.30737503243557446,1
1977-03-01,0.3185612372348873,1
1977-04-01,0.4899616939067961,1
1977-05-01,0.5084529465253176,1
1977-06-01,0.5869078870008295,1
1977-07-01,0.6319599190455276,1
1977-08-01,0.6319476735235157,1
1977-09-01,0.615769088586571,1
1977-10-01,0.5994000537864714,1
1977-11-01,0.5724297835044808,1
1977-12-01,0.6012553950779311,1
1978-01-01,0.6003588421691237,1
1978-02-01,0.6036455266918853,1
1978-03-01,0.6111810806104965,1
1978-04-01,0.6290531896546863,1
1978-05-01,0.626813494677846,1
1978-06-01,0.6146879001357334,1
1978-07-01,0.6222074007355445,1
1978-08-01,0.6535322304667263,1
1978-09-01,0.44075100293851477,1
1978-10-01,0.4651609616813518,1
1978-11-01,0.5952392147682299,1
1978-12-01,0.5497349585184172,0
1979-01-01,0.5313144353679309,0
1979-02-01,0.525401305432705,0
1979-03-01,0.5263793100899751,0
1979-04-01,0.5328542663150995,0
1979-05-01,0.6359058845667575,0
1979-06-01,0.6328083192452267,0
1979-07-01,0.5310696367242551,0
1979-08-01,0.6327914031051416,0
1979-09-01,0.6345833763491241,0
1979-10-01,0.6316559914292578,0
1979-11-01,0.5223429418914318,0
1979-12-01,0.5223429418914318,0
1980-01-01,0.3950450491990985,0
1980-02-01,0.3976429029726652,0
1980-03-01,0.4118197459352172,0
1980-04-01,0.5059938939368079,0
1980-05-01,0.7082861033056838,0
1980-06-01,0.6386449547462887,0
1980-07-01,0.6922082961610861,0
1980-08-01,0.6965684987437826,0
1980-09-01,0.6918616546648388,0
1980-10-01,0.38609490429925597,0
1980-11-01,0.40706867105453437,0
1980-12-01,0.501935823325193,0
1981-01-01,0.35050956197916505,0
1981-02-01,0.3667493298916784,0
1981-03-01,0.3360578244863913,0
1981-04-01,0.33516087976719866,0
1981-05-01,0.334226700670676,0
1981-06-01,0.3336018421306234,0
1981-07-01,0.33944595165761143,0
1981-08-01,0.3509802428309755,0
1981-09-01,0.6477828780471406,0
1981-10-01,0.6523948380468753,0
1981-11-01,0.6525087573157442,0
1981-12-01,0.647896063993804,0
1982-01-01,0.47742517770067805,0
1982-02-01,0.4200805561655237,0
1982-03-01,0.53403903772388,0
1982-04-01,0.522622092124297,0
1982-05-01,0.4634327487318545,0
1982-06-01,0.5223376927930438,0
1982-07-01,0.5321080538497348,0
1982-08-01,0.5308618320250028,0
1982-09-01,0.33040012332910784,0
1982-10-01,0.32792536674700246,0
1982-11-01,0.3414667982009982,0
1982-12-01,0.3399514893874213,0
1983-01-01,0.313932769847987,0
1983-02-01,0.37064679010582846,0
1983-03-01,0.36602025408979094,0
1983-04-01,0.36610993419817667,0
1983-05-01,0.4144135422907823,0
1983-06-01,0.4364413823903808,0
1983-07-01,0.4380780264545807,0
1983-08-01,0.3423808607419844,0
1983-09-01,0.3306307527588889,0
1983-10-01,0.35454530363399683,0
1983-11-01,0.34674056915571666,0
1983-12-01,0.3501620976874177,0
1984-01-01,0.3311063970013202,0
1984-02-01,0.3240323538571842,0
1984-03-01,0.3223222688824265,0
1984-04-01,0.31374495295154076,0
1984-05-01,0.31556441601048724,0
1984-06-01,0.28459570611234847,0
1984-07-01,0.2812060099445611,0
1984-08-01,0.2832795218496404,0
1984-09-01,0.31555351437995105,0
1984-10-01,0.317626290015843,0
1984-11-01,0.32197819562143903,0
1984-12-01,0.33358080695737513,0
1985-01-01,0.37962512174409163,0
1985-02-01,0.3710713911897429,0
1985-03-01,0.37068901824920886,0
1985-04-01,0.32333489830708195,0
1985-05-01,0.35536884084752424,0
1985-06-01,0.36382080503279074,0
1985-07-01,0.3532713291065158,0
1985-08-01,0.3507356574073525,0
1985-09-01,0.34746178213793694,0
1985-10-01,0.3454543274014689,0
1985-11-01,0.37037901014696634,0
1985-12-01,0.39284694559436706,0
1986-01-01,0.39794412626614684,0
1986-02-01,0.380121262689571,0
1986-03-01,0.34576386080126903,0
1986-04-01,0.36481698025452003,0
1986-05-01,0.3880975134307447,0
1986-06-01,0.5137161565412971,0
1986-07-01,0.5064421791864622,0
1986-08-01,0.5078104767616681,0
1986-09-01,0.38207033194194484,0
1986-10-01,0.38485715980011664,0
1986-11-01,0.3883019115979298,0
1986-12-01,0.3777401527898293,1
1987-01-01,0.3171344778735178,1
1987-02-01,0.3248630594320165,1
1987-03-01,0.31650642221130465,1
1987-04-01,0.3375888897976779,1
1987-05-01,0.3379648902986564,1
1987-06-01,0.3292120752216646,1
1987-07-01,0.3310119641263213,1
1987-08-01,0.3115786250593917,1
1987-09-01,0.31478499780274954,1
1987-10-01,0.31399311207421865,1
1987-11-01,0.41649360043842637,1
1987-12-01,0.446574017400487,1
1988-01-01,0.45231441087463653,1
1988-02-01,0.3746058772212316,1
1988-03-01,0.3219042534376685,1
1988-04-01,0.3158627484729809,1
1988-05-01,0.4044034276058392,1
1988-06-01,0.30842356374608276,0
1988-07-01,0.46337248203595693,0
1988-08-01,0.46483295546732195,0
1988-09-01,0.3444831770962372,0
1988-10-01,0.3657446669152095,0
1988-11-01,0.35509139376519616,0
1988-12-01,0.3696588889646654,0
1989-01-01,0.36180481545179266,0
1989-02-01,0.3378283282224698,0
1989-03-01,0.3343560479443406,0
1989-04-01,0.3441845768945197,0
1989-05-01,0.3346055377270573,0
1989-06-01,0.31613504237955603,0
1989-07-01,0.32320538398645327,0
1989-08-01,0.333983382508272,0
1989-09-01,0.3317173550017034,0
1989-10-01,0.36775500650185716,0
1989-11-01,0.36154869170761417,0
1989-12-01,0.33393906558258163,0
1990-01-01,0.2785827004215492,0
1990-02-01,0.25873675101004046,0
1990-03-01,0.2617469806962863,0
1990-04-01,0.2667265377619684,0
1990-05-01,0.28443668450283094,0
1990-06-01,0.28159852254081835,0
1990-07-01,0.28173745207782397,0
1990-08-01,0.3030279979796498,0
1990-09-01,0.305455954998395,0
1990-10-01,0.43805001550096795,0
1990-11-01,0.4016017765223926,0
1990-12-01,0.4127188460073909,0
1991-01-01,0.33488596585583674,0
1991-02-01,0.34623069912270854,0
1991-03-01,0.38608819177729947,0
1991-04-01,0.4005309777112983,0
1991-05-01,0.3741204155520295,0
1991-06-01,0.3744417881206862,0
1991-07-01,0.39559237330123226,0
1991-08-01,0.393304178631221,0
1991-09-01,0.40217615494724496,0
1991-10-01,0.407329332880245,0
1991-11-01,0.4092139543968164,0
1991-12-01,0.41846535414732317,0
1992-01-01,0.41544205043051174,0
1992-02-01,0.4165126343389779,0
1992-03-01,0.4163499464644283,0
1992-04-01,0.396855320601677,0
1992-05-01,0.39950949342278425,0
1992-06-01,0.4000329574724417,0
1992-07-01,0.40427315949833637,0
1992-08-01,0.4053235258158546,0
1992-09-01,0.4050968372607763,0
1992-10-01,0.39780862525230387,0
1992-11-01,0.3997162921722295,0
1992-12-01,0.40419118764845663,0
1993-01-01,0.2773642397770317,0
1993-02-01,0.2782613344994179,0
1993-03-01,0.26891722058212325,0
1993-04-01,0.26259643464576243,0
1993-05-01,0.26783078423121315,0
1993-06-01,0.25732980973745334,0
1993-07-01,0.20652321275762212,0
1993-08-01,0.2112030553162385,0
1993-09-01,0.2291704711648724,0
1993-10-01,0.2378082036892155,0
1993-11-01,0.2640430580591703,0
1993-12-01,0.2101478027150867,0
1994-01-01,0.2812262247726248,0
1994-02-01,0.27351033983872236,0
1994-03-01,0.3086375367781565,0
1994-04-01,0.3059223714398967,0
1994-05-01,0.291333709743252,0
1994-06-01,0.25684300466216586,0
1994-07-01,0.250060603836434,0
1994-08-01,0.2597986453594273,0
1994-09-01,0.2544146536238902,0
1994-10-01,0.2575407630333729,0
1994-11-01,0.2607387334894464,0
1994-12-01,0.258066013229607,0
1995-01-01,0.2961093607200492,0
1995-02-01,0.2769014418314237,0
1995-03-01,0.3176840114778532,0
1995-04-01,0.3197773443076655,0
1995-05-01,0.32664274021143175,0
1995-06-01,0.32312010657098317,0
1995-07-01,0.3239545414800559,0
1995-08-01,0.32470884887460316,0
1995-09-01,0.32814091142192425,0
1995-10-01,0.32778348013975717,0
1995-11-01,0.32673812104875277,0
1995-12-01,0.3265737114030284,0
1996-01-01,0.3520528640435826,0
1996-02-01,0.3514644883561851,0
1996-03-01,0.3480032197705048,0
1996-04-01,0.3466545974256744,0
1996-05-01,0.342277914256395,0
1996-06-01,0.34414160046018555,0
1996-07-01,0.3434904127308605,0
1996-08-01,0.346083471665911,0
1996-09-01,0.32309016401116747,0
1996-10-01,0.34416112619209505,0
1996-11-01,0.34841781692265017,0
1996-12-01,0.3478491010091977,0
1997-01-01,0.3225438819842413,0
1997-02-01,0.3265057363492637,0
1997-03-01,0.32605327149218877,0
1997-04-01,0.32225751913777073,0
1997-05-01,0.32248099373271166,0
1997-06-01,0.31961357724166967,0
1997-07-01,0.32454590877187145,0
1997-08-01,0.30380229073225823,0
1997-09-01,0.32427934738144365,0
1997-10-01,0.33424013634140753,0
1997-11-01,0.3281858051181844,0
1997-12-01,0.3303753143199605,0
1998-01-01,0.2776206943328511,0
1998-02-01,0.2808724079780318,0
1998-03-01,0.2915706692545334,0
1998-04-01,0.29691157792491757,0
1998-05-01,0.29013189935837663,0
1998-06-01,0.2900907887853391,0
1998-07-01,0.2918870398290264,0
1998-08-01,0.2911661370663753,0
1998-09-01,0.2911116194709316,0
1998-10-01,0.29400978496469266,0
1998-11-01,0.3001564579974268,0
1998-12-01,0.293201903176939,0
1999-01-01,0.26030758486850286,0
1999-02-01,0.26577146695083204,0
1999-03-01,0.2608702538875628,0
1999-04-01,0.2652712571223113,0
1999-05-01,0.26120263629037915,0
1999-06-01,0.21592110906616976,0
1999-07-01,0.1907021205777917,0
1999-08-01,0.18986485381098867,0
1999-09-01,0.27635182100897865,0
1999-10-01,0.2747575500916245,0
1999-11-01,0.28457928435258417,0
1999-12-01,0.2466650686677494,0
2000-01-01,0.18937372030231353,0
2000-02-01,0.2541704591981403,0
2000-03-01,0.27255045734642974,0
2000-04-01,0.2568176573928607,1
2000-05-01,0.27433350926528366,1
2000-06-01,0.27986208942495683,1
2000-07-01,0.24487491003964057,1
2000-08-01,0.25508030390889,1
2000-09-01,0.2814953092377602,1
2000-10-01,0.2775674844322305,1
2000-11-01,0.2620799466409779,1
2000-12-01,0.2285501965178564,1
2001-01-01,0.3115017420968387,1
2001-02-01,0.2744111018669234,1
2001-03-01,0.3168716884245937,1
2001-04-01,0.2841229016756192,1
2001-05-01,0.374388384253734,1
2001-06-01,0.2852176918390389,1
2001-07-01,0.27248456762928946,1
2001-08-01,0.2775089776857216,1
2001-09-01,0.37697690289241986,1
2001-10-01,0.3957170081958142,1
2001-11-01,0.2505435269292168,1
2001-12-01,0.22747455165997338,1
2002-01-01,0.3687893698684367,1
2002-02-01,0.3873167464839743,1
2002-03-01,0.31600221586358684,1
2002-04-01,0.24201263215142782,1
2002-05-01,0.24557310029951882,1
2002-06-01,0.33188339266737554,1
2002-07-01,0.4616286714592494,1
2002-08-01,0.5642313772993066,1
2002-09-01,0.4954181513766379,1
2002-10-01,0.39003198300593345,1
2002-11-01,0.42679659214603677,1
2002-12-01,0.44350110915700974,1
2003-01-01,0.5214582001111021,1
2003-02-01,0.5724991630348596,1
2003-03-01,0.5715467522108704,1
2003-04-01,0.5546242000327085,1
2003-05-01,0.4687787558684436,1
2003-06-01,0.3864618715517526,1
2003-07-01,0.33236236852730616,1
2003-08-01,0.32641813774820777,1
2003-09-01,0.3432588368888525,1
2003-10-01,0.36854387229879426,1
2003-11-01,0.2820648145698296,1
2003-12-01,0.37003057083026103,1
2004-01-01,0.4236609888351722,1
2004-02-01,0.43477343370900395,1
2004-03-01,0.3570546472508842,1
2004-04-01,0.3508386188324284,1
2004-05-01,0.437003537404787,1
2004-06-01,0.5238173277122034,1
2004-07-01,0.4576620988940611,1
2004-08-01,0.42137261095407014,1
2004-09-01,0.38559310828810966,1
2004-10-01,0.44169103619274547,1
2004-11-01,0.5621676863667707,1
2004-12-01,0.5130337355354638,1
2005-01-01,0.6176574972948564,1
2005-02-01,0.6031417257208569,1
2005-03-01,0.5777009393406025,1
2005-04-01,0.5956895290368062,1
2005-05-01,0.4527490247579912,1
2005-06-01,0.41260482192082976,0
2005-07-01,0.4626324758038569,0
2005-08-01,0.4694409772638418,0
2005-09-01,0.45542764461607044,0
2005-10-01,0.4753211744207356,0
2005-11-01,0.4234845699669846,0
2005-12-01,0.42850021008881284,0
2006-01-01,0.2979018400317891,0
2006-02-01,0.3296945919442885,0
2006-03-01,0.32035403767587634,0
2006-04-01,0.27659114043718347,0
2006-05-01,0.30368179892085934,0
2006-06-01,0.32131954437719373,0
2006-07-01,0.31239748416327073,0
2006-08-01,0.298060103885769,0
2006-09-01,0.15508215324397615,0
2006-10-01,0.10687990166532428,0
2006-11-01,0.1860998938861046,0
2006-12-01,0.1550827150380129,0
2007-01-01,0.08796432265608048,0
2007-02-01,0.12613838333917998,0
2007-03-01,0.1258999676874984,0
2007-04-01,0.158033266299601,0
2007-05-01,0.1695927266637008,0
2007-06-01,0.18246685278405367,0
2007-07-01,0.13312833553712808,0
2007-08-01,0.14280300415291752,0
2007-09-01,0.1245869334649569,0
2007-10-01,0.3295774638155099,1
2007-11-01,0.5329362025920985,1
2007-12-01,0.5565431308235496,1
2008-01-01,0.607995791807229,1
2008-02-01,0.6816663174682815,1
2008-03-01,0.6814323651765639,1
2008-04-01,0.6756067216803137,1
2008-05-01,0.6806913010072446,1
2008-06-01,0.6875713541076067,1
2008-07-01,0.7465627331336437,1
2008-08-01,0.7514368456949272,1
2008-09-01,0.7595718266182534,1
2008-10-01,0.8226601187223975,1
2008-11-01,0.8070083095905088,1
2008-12-01,0.793828194106015,1
2009-01-01,0.7963621813165261,1
2009-02-01,0.7968514733236626,1
2009-03-01,0.7896087601450057,1
2009-04-01,0.7778465982959262,1
2009-05-01,0.753324040070382,1
2009-06-01,0.7349698080255596,1
2009-07-01,0.7349698080255596,1
2009-08-01,0.7357402516911791,1
2009-09-01,0.6652925637833499,1
2009-10-01,0.43263097325638533,1
2009-11-01,0.6500875747091415,1
2009-12-01,0.5562818720807549,1
2010-01-01,0.5975039792637107,1
2010-02-01,0.6152983994516703,1
2010-03-01,0.429769793668616,1
2010-04-01,0.36023691390289214,1
2010-05-01,0.4060342232481683,1
2010-06-01,0.30339795913502904,1
2010-07-01,0.3299304860370449,1
2010-08-01,0.3764776588358569,1
2010-09-01,0.3719759972682564,1
2010-10-01,0.42428327901135277,1
2010-11-01,0.37643139813171106,1
2010-12-01,0.35874931685574096,1
2011-01-01,0.5248636801445162,1
2011-02-01,0.6310363817515586,1
2011-03-01,0.6742634238819616,1
2011-04-01,0.6834787283527944,1
2011-05-01,0.6897759393495343,1
2011-06-01,0.6606910401347438,1
2011-07-01,0.5917322460564148,1
2011-08-01,0.5192190395389067,1
2011-09-01,0.5226866966456527,1
2011-10-01,0.5017707988688271,1
2011-11-01,0.5788774930052237,1
2011-12-01,0.6437851708243324,0
2012-01-01,0.6153510574053973,0
2012-02-01,0.5103498154813629,0
2012-03-01,0.41548439049760055,0
2012-04-01,0.4116990481974758,0
2012-05-01,0.5230482431859287,0
2012-06-01,0.4952453646011595,0
2012-07-01,0.5552408160133397,0
2012-08-01,0.5680584871776722,0
2012-09-01,0.4899725062282375,0
2012-10-01,0.5126667092953194,0
2012-11-01,0.48912117245821973,0
2012-12-01,0.4945004376010592,0
2013-01-01,0.2746933521888312,0
2013-02-01,0.2370867784562407,0
2013-03-01,0.2894273456539506,0
2013-04-01,0.3040228241348963,0
2013-05-01,0.353835035047866,0
2013-06-01,0.31396168564595445,0
2013-07-01,0.3015119123970675,0
2013-08-01,0.3055925368920115,0
2013-09-01,0.2921710601769773,0
2013-10-01,0.3414942499295729,0
2013-11-01,0.39510637785377517,0
2013-12-01,0.381993093133347,0
2014-01-01,0.3125373512491972,0
2014-02-01,0.2974500753805188,0
2014-03-01,0.32723775377148356,0
2014-04-01,0.3364920457660481,0
2014-05-01,0.38050192670161,0
2014-06-01,0.3886238788687127,0
2014-07-01,0.4148910652624491,0
2014-08-01,0.431474657585067,0
2014-09-01,0.35159804369386444,0
2014-10-01,0.3901965329175959,0
2014-11-01,0.33756108970795823,0
2014-12-01,0.47795372325903873,0
2015-01-01,0.5337350170658967,0
2015-02-01,0.5061660222040804,0
2015-03-01,0.5085743838286512,0
2015-04-01,0.5285471009597346,0
2015-05-01,0.5098730948099754,0
2015-06-01,0.528856270275064,0
2015-07-01,0.5121669156387336,0
2015-08-01,0.4878439693679496,0
2015-09-01,0.5906185535127415,0
2015-10-01,0.5069928895632382,0
2015-11-01,0.49937046176533323,0
2015-12-01,0.5317650634815414,0
2016-01-01,0.4864747038233821,0
2016-02-01,0.5113463978819311,0
2016-03-01,0.49748973558088183,0
2016-04-01,0.4385140437235254,0
2016-05-01,0.49546149785772986,0
2016-06-01,0.4203781031393031,0
2016-07-01,0.4059071131823361,0
2016-08-01,0.4086775163036888,0
2016-09-01,0.41171790900192873,0
2016-10-01,0.3906982272177224,0
2016-11-01,0.3989249631419797,0
2016-12-01,0.34048416181620483,0
2017-01-01,0.3222359753422058,0
2017-02-01,0.47959534825756417,0
2017-03-01,0.5669728129038923,0
2017-04-01,0.5434473991600242,0
2017-05-01,0.5463978736026845,0
2017-06-01,0.35176253051648454,0
2017-07-01,0.35692273325712376,0
2017-08-01,0.31341897780939143,0
2017-09-01,0.35713659611622645,0
2017-10-01,0.4441626022516395,0
2017-11-01,0.4951301222785607,0
2017-12-01,0.5342834948385365,0
2018-01-01,0.3985962696471567,0
2018-02-01,0.3919863809452657,0
2018-03-01,0.32600539150825525,0
2018-04-01,0.35781939727622675,0
2018-05-01,0.35218878772292295,0
2018-06-01,0.45397561977634276,0
2018-07-01,0.4140902340646405,0
2018-08-01,0.46917649653671445,0
2018-09-01,0.4412358557617001,0
2018-10-01,0.4114297097547043,0
2018-11-01,0.4005030819483252,0
2018-12-01,0.3070249099674597,0
2019-01-01,0.27926006297364225,0
2019-02-01,0.26581717721122994,0
2019-03-01,0.2550060740012715,0
2019-04-01,0.25376992763326467,0
2019-05-01,0.2636518392823396,0
2019-06-01,0.2776090294356235,0
2019-07-01,0.27471734445224466,0
2019-08-01,0.30825529143380437,0
2019-09-01,0.29252149173591835,0
2019-10-01,0.29909389678155,0
2019-11-01,0.28799852773140044,0
2019-12-01,0.2854751921075549,0
2020-01-01,0.2853221817890878,0
2020-02-01,0.27476900878986876,0
2020-03-01,0.4194757992830943,0
2020-04-01,0.398004883724135,0
2020-05-01,0.33118825044407585,0
2020-06-01,0.34681676556042074,0
2020-07-01,0.34787065259042904,0
2020-08-01,0.3553280214580708,0
2020-09-01,0.35216773302310356,0
2020-10-01,0.3323807636319942,0
2020-11-01,0.3452864575797017,0
2020-12-01,0.36247642725569856,0
2021-01-01,0.30950190352650603,0
2021-02-01,0.32130727317871505,0
2021-03-01,0.5061976852553394,0
2021-04-01,0.49712696600352724,0
2021-05-01,0.49941258534926725,0
2021-06-01,0.5051956651487461,0
2021-07-01,0.4890782454753488,0
2021-08-01,0.4911323987497814,0
2021-09-01,0.5064295501233913,0
2021-10-01,0.5093585418600262,0
2021-11-01,0.49076758474083243,1
2021-12-01,0.49691054987229205,1
2022-01-01,0.3853729528412254,1
2022-02-01,0.3718893342365551,1
2022-03-01,0.3562218313908594,1
2022-04-01,0.40444868348453367,1
2022-05-01,0.4934941616656885,1
2022-06-01,0.4870652268457933,1
2022-07-01,0.5220477713480388,1
2022-08-01,0.464021543624839,1
2022-09-01,0.5069688934043841,1
2022-10-01,0.547392803641553,1
2022-11-01,0.5184677266836533,0
2022-12-01,0.48981826755235014,0
2023-01-01,0.5007981529715837,0
2023-02-01,0.4519978471664576,0
2023-03-01,0.3090469561268248,0
2023-04-01,0.3826433373801441,0
2023-05-01,0.3184110006575299,0
2023-06-01,0.3024481451202978,0
2023-07-01,0.29124552259707626,0
2023-08-01,0.3268523444226935,0
2023-09-01,0.30759680530914935,0
2023-10-01,0.34942475539691376,0
2023-11-01,0.3464593579009683,0
2023-12-01,0.3467715844110554,0
2024-01-01,0.3310946939546733,0
2024-02-01,0.338649154169169,0
2024-03-01,0.32961193325077676,0
2024-04-01,0.3019153669150863,0
2024-05-01,0.34753380162071645,0
2024-06-01,0.3329146881684725,0
2024-07-01,0.31500942093585066,0
2024-08-01,0.347603641971509,0
2024-09-01,0.3402838167626043,0
2024-10-01,0.36059245042068194,0
2024-11-01,0.34371313147751426,0
2024-12-01,0.31339035081043776,0
2025-01-01,0.33568672388824916,0
2025-02-01,0.3539897974288547,0
2025-03-01,0.34587571234263137,0
2025-04-01,0.35571346782379065,0
2025-05-01,0.35726335559953076,0
2025-06-01,0.35869405814606903,0
2025-07-01,0.3472700951192983,0
2025-08-01,0.351371567374389,0
2025-09-01,0.34654235935634736,0
2025-10-01,0.3559092778053227,0
2025-11-01,0.4080539104424986,0
2025-12-01,0.35272966284917845,0
